CIP110834;287-14;151113;05/11/15
CIP110835;287-14;151113;05/11/15
CIP110836;287-14;151113;05/11/15
CIP110837;287-14;151113;05/11/15
CIP110863;302-14;151113;05/11/15
CIP110864;302-14;151113;05/11/15
CIP110865;302-14;151113;05/11/15
CIP110866;302-14;151113;05/11/15
CIP110874;311-14;151113;05/11/15
CIP110875;311-14;151113;05/11/15
CIP110876;311-14;151113;05/11/15
CIP110877;311-14;151113;05/11/15
CIP110878;311-14;151113;05/11/15
CIP110879;311-14;"151113/190212 Wizard";05/11/15
CIP110880;311-14;151113;05/11/15
CIP110881;311-14;151113;05/11/15
CIP110882;311-14;151113;05/11/15
CIP110883;311-14;151113;05/11/15
CIP110862;302-14;151113;05/11/15
CIP110838;287-14;151113;05/11/15
CIP110848;296-14;151113;05/11/15
CIP110849;296-14;151113;05/11/15
CIP110850;296-14;151113;05/11/15
CIP110857;300-14;151113;05/11/15
CIP110852;296-14;151113;05/11/15
CIP110853T;296-14;151113;05/11/15
CIP110854T;296-14;151113;05/11/15
CIP110867;302-14;151113;05/11/15
CIP110859;302-14;151113;05/11/15
CIP110860;302-14;151113;05/11/15
CIP110861;302-14;151113;05/11/15
CIP110905;30315;160115;12/11/15
CIPA1;30315;160115;12/11/15
CIP57-31T;31015;160115;12/11/15
CIP53-96T;30315;160115;12/11/15
CIP82-97;10015;160115;12/11/15
CIP82-118;3714;160115;12/11/15
CIP103181T;11512;160115;12/11/15
CIP60-85T;26113;160115;12/11/15
CIP110959;288-077;190222;17/12/15
CIP110961;300-065;160108;17/12/15
CIP110965;295-07;160108, 160112;17/12/15
CIP110966;295-07;160108, 160112, 160129;17/12/15
CIP110970;300-065;160108;17/12/15
CIP110967;295-07;160108, 160126 ;17/12/15
CIP110968;;160108;17/12/15
CIP110971;;160108;17/12/15
CIP110969;;160108;17/12/15
CIP110972;;160108;17/12/15
CIP109828T;29615;160108;17/12/15
CIP109829;29615;160108;17/12/15
CIP109832;29615;160108;17/12/15
CIP110953T;32415;160129;17/12/15
CRBIP3-476;;160115;08/01/16
CRBIP3-1857;;160115;08/01/16
CRBIP3-3995;;160115;08/01/16
CIP109427;33415;160126;14/01/16
CIP108527T;32415;160126;14/01/16
CIP58-62;33415;160205;14/01/16
CIP110938;32415;160129;14/01/16
CIP110975T;32715;160802;14/01/16
CIP110941;32415;160126;14/01/16
CIP106580;30315;160126;14/01/16
CIP110939;32415;160126;14/01/16
CIP103914;33415;160126;14/01/16
CIP110627T;25815;160126;14/01/16
CIP107664T;33415;160126;14/01/16
CIP107288T;34515;160126;14/01/16
CIP108125T;34303;160129;21/01/16
CIP105313T;;160129, 160209, 160216;21/01/16
CIP107956T;17603;160129;21/01/16
CIP108124T;34303;160129;21/01/16
CIP107640T;1105;160129;21/01/16
CIP108796T;20205;160129;21/01/16
CIP108514T;35604;160129;21/01/16
CIP108221T;16204;160129;21/01/16
CIP82-27T;lhg;160129;21/01/16
CIP106830T;892;160129;21/01/16
CIP102534;31311;160129;21/01/16
CIP107641T;1104;160129;21/01/16
CIP105100T;517;160129;21/01/16
CIP108799T;20805;160129;21/01/16
CIP108795T;20205;160129;21/01/16
CIP109905T;35808;160129;21/01/16
CIP109014T;7406;160129;21/01/16
CIP108733T;15905;160129;21/01/16
CIP109038T;8706;160129;21/01/16
CIP110777T;7314;160129;21/01/16
CIP102557T;1071;160129;21/01/16
CIP110990T;1516;160129, 160216;21/01/16
CIP110989T;1516;160129;21/01/16
CIP110944T;34515;160129;21/01/16
CIP51-14;1516;160209;04/02/16
CIP110978;33415;160209;04/02/16
CIP110976;33415;160209;04/02/16
CIP110992;1516;160209;04/02/16
CIP110991;1516;160209;04/02/16
CIP107927T;16103;160209;04/02/16
CIP108811T;27905;160209;04/02/16
CIP110075T;35009;160209;04/02/16
CIP110018T;27209;160209;04/02/16
CIP103470;1516;160209;04/02/16
CIP52-170;34515;160209;04/02/16
CIP110905;;160209;04/02/16
CIP61-11;bhk;160209;04/02/16
CIP54-127;;160209;04/02/16
CIP54-117;;160209;04/02/16
CIP103795;7004;160209;04/02/16
CIP62-21;6111;160209;04/02/16
CIP62-24;;160209;04/02/16
CIP52-167;26708;160209;04/02/16
CIP105183;466;160209;04/02/16
CIP62-22;khg;160209;04/02/16
CIP54-8T;30009;160209;04/02/16
CIP76-24;30214;160209;04/02/16
CIP104947T;1912;160209;04/02/16
CIP103176T;11308;160209;04/02/16
CIP111001T;;160216, 160223;11/02/16
CIP111005T;;160216, 160223;11/02/16
CIP110999T;;160216;11/02/16
CIP111000T;;160216;11/02/16
CIP110998T;;160216;11/02/16
CIP111004T;;160216;11/02/16
CIP111002T;2616;160216;11/02/16
CIP110996T;2616;160216, 160223;11/02/16
CIP110997T;;160216;11/02/16
CIP111008T;;160216, 160223;11/02/16
CIP111006T;;160216, 160223;11/02/16
CIP111003T;;160216;11/02/16
CIP106512T;;160216, ADN re-envoyé 160226, 160325;11/02/16
CIP110993T;;160216;11/02/16
CIP110973T;;160216;11/02/16
CIP111010T;;160216;11/02/16
CIP58-60;;160216, ADN re-envoyé 160226, 160301;11/02/16
CIP54-85;34515;160216;11/02/16
CIP103777;;160216, 160223;11/02/16
CIP103441T;;160216;11/02/16
CIP105623;;160216;11/02/16
CIP102783;33415;160216;11/02/16
CIP70-2T;1516;160216;11/02/16
CIP111007T;;160311, 160322;03/03/16
CIP101952;4016;160311, 160322;03/03/16
CIP106518;4016;160311, 160322;03/03/16
CIP111023T;4716;160311;03/03/16
CIP111024;4716;160311;03/03/16
CIP111016T;4016;160311;03/03/16
CIP62-24;4016;160311;03/03/16
CIP106512T;34515;160325;03/03/16
CIP69-2;33415;160325;03/03/16
CIP106463T;2616 ;160311;03/03/16
CIP103350T;;160325;03/03/16
CIP110823T;;160311, 160322;03/03/16
CIP103706;2616 ;160311;03/03/16
CIP103027T;2616 ;160311;03/03/16
CIP103426T;1516 ;160325;03/03/16
CIP101047;2616 ;160325;03/03/16
CIP105827;713;160322;03/03/16
CIP105828;714;160322;03/03/16
CIP105826T;711;160322;03/03/16
CIP105831;741;160322;03/03/16
CIP105829T;740;160322;03/03/16
CIP103583;;160322;03/03/16
CIP81-62T;;160322;03/03/16
CIP105825;;160322;03/03/16
CIP106114T;;160322;03/03/16
CIP103585;;160322;03/03/16
CIP81-63T;;160322, 160401, 160405;03/03/16
CIP104364;;160322;03/03/16
CIP104987;;160322;03/03/16
CIP105824;712;160322, 160401, 160405, CIP105824_VL.tar;03/03/16
CIP79-29;1910;160415;07/04/16
CIP78-9;mhe;160415;07/04/16
CIP108654;9705;160419;07/04/16
CIP80-33;ehg;160419;07/04/16
CIP60-59;khd;160419;07/04/16
CIP78-8;mhe;160419;07/04/16
CIP108653;9605;160415;07/04/16
CIP60-58;ehg;160415;07/04/16
CIP108652;9505;160419, 160426, 160504;07/04/16
CIP104057;201;160415;07/04/16
CIP110777T;8316;160415;07/04/16
CIP108733T;8316;160415;07/04/16
CIP106468;801;160415;07/04/16
CIP111009T;2616;160415;07/04/16
CIP102830;33415;160426, 160504;07/04/16
CIP111013T;4016;160429, 160510;07/04/16
CIP111015T;4016;160429;07/04/16
CIP107999T;34515;160422;07/04/16
CIP111017T;4016;160415;07/04/16
CRBIP3-4523;36414 (B1);160513;21/04/16
CRBIP3-474;36414 (B2);160513;21/04/16
CIP104850T;;160510;21/04/16
CIP111012T;;160520;21/04/16
CIP111032;;160513, 160524;28/04/16
CIP111033;;160513;28/04/16
CIP111034;;160513, 160524;28/04/16
CIP111035;;160513;28/04/16
CIP111036;;160513;28/04/16
CIP111037;;160513;28/04/16
CIP111038;;160513;28/04/16
CIP111039;;160513;28/04/16
CIP111041;;160513;28/04/16
CIP111042;;160513, 160524;28/04/16
CIP111043;;160513;28/04/16
CIP111044;;160513;28/04/16
CIP111045;;160513, 160524;28/04/16
CIP111046;;160513;28/04/16
CIP111047;;160513;28/04/16
CIP111048;;160513;28/04/16
CIP111049;;160513, 160607;28/04/16
CIP111025;;160513;28/04/16
CIP110994;;160513;28/04/16
CIP110995;;160513;28/04/16
CIP111050T;;160513;28/04/16
CIP103999;;160610;28/04/16
CIP110492;;160603;28/04/16
CIP103177T;;160610;12/05/16
CIP52-145;4111;160610;12/05/16
CIP52-146;26511;160610;12/05/16
CIP110855;2915;160610;12/05/16
CIP103733;042;160610;12/05/16
CIP52-144;fib;160610;12/05/16
CIP53-153;349;160610;12/05/16
CIP52-211T;7214;160610;12/05/16
CIP52-213;25809;160610;12/05/16
CIP103582;;160610;12/05/16
CIP52-210T;dhe;160610;12/05/16
CIP81-95T;l91;160610;12/05/16
CIP78-64T;1108;160610, 160629;12/05/16
CIP103361T;23115;160610;12/05/16
CIP103235T;7215;160610;12/05/16
CIP79-1T;20204;160610;12/05/16
CIP103239T;9314;160610;12/05/16
CIP103234T;9103;160610;12/05/16
CIP79-23T;10715;160610;12/05/16
CIP80-27T;7813;160610;12/05/16
CIP80-29T;;160610;12/05/16
CIP80-30T;;160610;12/05/16
CIP82-80T;11016;160610;12/05/16
CIP111058T;11016;160705;02/06/16
CIP111059T;11016;160705;02/06/16
CIP111060T;11016;160705;02/06/16
CIP111073;13116;160722;24/06/16
CIP108956T;34905;160722;24/06/16
CIP111074;13116;160722;24/06/16
CIP110890T;8316;160722;24/06/16
CIP111070;13116;160722;24/06/16
CIP111072;13116;160722;24/06/16
CIP110958T;13116;160722;24/06/16
CIP106855;;160726;24/06/16
CIP111067;;160722;24/06/16
CIP111068;;160722;24/06/16
CIP111069;;160722;24/06/16
CIP105774;;160722/161215/161222;13/07/16
CIP111020T;;160722;13/07/16
CIP105773;;160722;13/07/16
CIP110492;;160726;13/07/16
CIP107722T;;160722;13/07/16
CIP111077;;160802, refaite 12/09;13/07/16
CIP108250T;;160802, 160819 redeposit;13/07/16
CIP111078;;160802, 160916 redeposit;13/07/16
CIP111068;;160802;13/07/16
CIP111083;;160802;13/07/16
CIP111042;;160802;13/07/16
CIP111069;;160802, 160916 redeposit;13/07/16
CIP111079;;160802,  160916 redeposit;13/07/16
CIP110885;;160802;13/07/16
CIP111087;;160802;13/07/16
CIP110890T;;160802,  161018 redeposit;13/07/16
CIP110889;;160802;13/07/16
CIP111026T;;160722;13/07/16
CIP110823T;;160802, 161018 redeposit;13/07/16
CIP111028;;160729;13/07/16
CIP110924T;;160809, 160823 redeposit;13/07/16
CIP104062;;160729;13/07/16
CIP108091T;;160729;13/07/16
CIP111061T;;160729;13/07/16
CIP110872;15316;160729;13/07/16
CIP111054T;11016;160729;13/07/16
CIP110925;30315;160729;13/07/16
CIP101062T;17515;160729;13/07/16
CIP105459;;160729;13/07/16
CIP111085;;160809;22/07/16
CIP111086;;160809;22/07/16
CIP111084;;160809;22/07/16
CIP111080;;160809;22/07/16
CIP111094;15316;160909;22/07/16
CIP73-23T;2914;160909;22/07/16
CIP105101T;;160805;22/07/16
CIP64-69T;;160809;22/07/16
CIP111096T;;160809;22/07/16
CIP105836;;160809;22/07/16
CIP105614;;160809;22/07/16
CIP108575T;;160819;22/07/16
CIP111092T;;160809;22/07/16
CIP102796;;160809;22/07/16
CIP111095;;160805;22/07/16
CIP111093;;160902;28/07/16
CIP105365;;160902;28/07/16
CIP110449;;160902;28/07/16
CIP111031T;;160902;28/07/16
CIP107996T;;160902;28/07/16
CIP110658;;160902;28/07/16
CIP106493T;;160902;28/07/16
CIP104218;;160902;28/07/16
CIP111075;;160909;28/07/16
CIP111071;;160909;28/07/16
CIP111091T;;160909;28/07/16
CIP103130T;;160902;28/07/16
CIP111078;;160930;12/09/16
CIP111077;;160930, 161018 redeposit;12/09/16
CIP111087;;160930;12/09/16
CIP111076;;161004;12/09/16
CIP103064;;160930;12/09/16
CIP111082;;160930;12/09/16
CIP103206T;;160930;12/09/16
CIP110926;;160930;12/09/16
CIP68-21;;160930;12/09/16
CIP105830;;161007;12/09/16
CIP102303T;;160930;12/09/16
CIP54-158;;160930;12/09/16
CIP111057T;;160930;12/09/16
CIP110974T;;160930;12/09/16
CIP110980T;33415;161004;12/09/16
CIP111022T;4716;"160930/161122";12/09/16
CIP109613T;33415;160930, 161118;12/09/16
CIP101029T;2616;160930;12/09/16
CIP76-25;17613;161014;22/09/16
CIP110928;30315;161014;22/09/16
CIP110930;30315;161014;22/09/16
CIP110931;31015;161014;22/09/16
CIP110932;31015;161014;22/09/16
CIP110933;31015;161014;22/09/16
CIP110934;31015;161014;22/09/16
CIP110935;31015;161014;22/09/16
CIP110988T;1516;161014;22/09/16
CIP110940;31015;161014;22/09/16
CIP105701;;161021;22/09/16
CIP110981T;33415;161014;22/09/16
CIP106862T;984;161014;22/09/16
CIP111021T;4716;161014, 161025;22/09/16
CIP111079;16216;161014;22/09/16
CIP104542T;21815;161014;22/09/16
CIP105415;4916;161014;22/09/16
CIP111098T;16216;161014;22/09/16
CIP109456T;33415;161021;22/09/16
CIP109036T;8706;160126, 161118;25/10/16
CIP109830T;29615;161122;25/10/16
CIP110929;30315;161118;25/10/16
CIP110952T;32415;161118;25/10/16
CIP110936;31015;161118;25/10/16
CIP110937;31015;161118;25/10/16
CIP70-53;27816;161122;25/10/16
CIP70-63;27816;161122;25/10/16
CIP106742;4016;161118;25/10/16
CIP106876;32415;161118;25/10/16
CIP102739;28809;161118;25/10/16
CIP107967;;161202// 161122;25/10/16
CIP105769T;27816;161122;25/10/16
CIP110950T;2616;161125;25/10/16
CIP101029T;2616;161122;25/10/16
CIP110785T;1516;161122;25/10/16
CIP110980T;33415;161122;25/10/16
CIP111187T;28516;161125;08/11/16
CIP78-42T;28516;161125;08/11/16
CIP105521;28516;161125//161206;08/11/16
CIP103793;28516;161125;08/11/16
CIP111188T;28516;161125;08/11/16
CIP52-81;27816;161125;08/11/16
CIP103527T;;161125;08/11/16
CIP103534T;;161125;08/11/16
CIP108171T;;161125;08/11/16
CIP108325T;;161125//161206/ 161213;08/11/16
CIP108386T;;161125;08/11/16
CIP109940T;;161125;08/11/16
CIP109941T;;161216 /161125//161206;08/11/16
CIP111106;24316;161216;23/11/16
CIP111175;23216;161215;23/11/16
CIP103472T;;161215;23/11/16
CIP105445;;161215;23/11/16
CIP51-19;;161215/161227;23/11/16
CIP105443;;161215/ 161230;23/11/16
CIP105443;;161215;23/11/16
CIP66-24T;7815;161215;23/11/16
CIPA184;;170106  / 161215;23/11/16
CIP105674;;161215;23/11/16
CIP110220;;161215;23/11/16
CIP110222;;170106 / 161215;23/11/16
CIPA5;;170106/ 161215;23/11/16
CIPA29;;161215;23/11/16
CIPA30;;161215/161227;23/11/16
CIPA31;;161215;23/11/16
CIP102455;;161215;23/11/16
CIP105700T;;161215;23/11/16
CIP52-59;;161215;23/11/16
CIP105701;;170113 // 161215;23/11/16
CIP105702;;161215;23/11/16
CIP105772T;;161215;23/11/16
CIP105442;;161215;23/11/16
CIP105444;;170113 //161215;23/11/16
CIP105773;;161215;23/11/16
CIP105774;;161215/161222;23/11/16
CIP111018T;;161215;23/11/16
CIP111014T;;161215;23/11/16
CIP110041T;;161215;23/11/16
CIP53-137T;;161215;23/11/16
CIP102697;;161215;23/11/16
CIP110221;;161216;23/11/16
CIP53-1;;161215;23/11/16
CIP53-138;;161215;23/11/16
CIP110137T;10510;170113/ 161215;23/11/16
CIPA155;gib;"161215/161227";23/11/16
CIP52-65T;27514;170113/ 161215;23/11/16
CIP106095;30809;161215;23/11/16
CIP64-69T;;161216;23/11/16
CIP109036T;;161216;23/11/16
CIP110927;30315;161216;23/11/16
CIP111184T;;161215;23/11/16
CIP103349T;;161215, 161222;23/11/16
CIP111180T;30016;161215;23/11/16
CIP111181T;30016;161215;23/11/16
CIP103995T;27816;161230;23/11/16
CIP104207;30016;161215;23/11/16
CIP104583;336;161215;24/11/16
CIP104688T;28516;161230;24/11/16
CIP111176T;28516;170103;24/11/16
CIP111177T;30016;161215;24/11/16
CIP111179T;30016;161215/170103;24/11/16
CIP111189T;30016;170103;24/11/16
CIP72-17T;32016;161216;08/12/16
CIP103020;32016;161216;08/12/16
CIP104794;32016;170131 redeposit;08/12/16
CIP104676;32016;170131 redeposit;08/12/16
CIP106495;32016;161216;08/12/16
CIP111104T;30016;170117 redeposit //161222;08/12/16
CIP111182T;30016;161223;08/12/16
CIP111196T;32016;161222;08/12/16
CIP102181;;161230;16/12/16
CIP102301T;;161230;16/12/16
CIP103533;;161230;16/12/16
CIP105258T;;161230;16/12/16
CIP106540;;161230;16/12/16
CIP53-178;ehg;161230;16/12/16
CIP61-6;chh;161230, 170307 redeposit;16/12/16
CIP102199;852;161230;16/12/16
CIP53-159;khh;161230;16/12/16
CIP61-7;chh;170103;16/12/16
CIP1-83;993;170103;16/12/16
CIPA33;3305;170103;16/12/16
CIP51-51;chh;170103;16/12/16
CIP102293;;161230;16/12/16
CIP102671;;161230;16/12/16
CIP102226;;161230;16/12/16
CIP102963;;161230;16/12/16
CIP103047;;161230;16/12/16
CIP100198;;161230;16/12/16
CIP100833;;161230;16/12/16
CIP100883;;161230;16/12/16
CIP102011;;161230;16/12/16
CIP100763;;161230;16/12/16
CIP102223;;161230;16/12/16
CIP100738;;161230;16/12/16
CIP101138;;161230;16/12/16
CIP103082;;161230;16/12/16
CIP103070;;161230;16/12/16
CIP103085;;161230;16/12/16
CIP103087;;161230;16/12/16
CIP107456T;;170106;21/12/16
CIP107454T;;170106;21/12/16
CIP107455T;;170106;21/12/16
CIP111184T;;170106;21/12/16
CIP109479T;;170106;21/12/16
CIP110034T;;170106;21/12/16
CIP108633T;;170106;21/12/16
CIP105516T;;170106;21/12/16
CIP109146T;;170106;21/12/16
CIP110184T;;170103;20/12/16
CIP109999;;partial SSU rRNA segment 170103;20/12/16
CIP110000;;170103;20/12/16
CIP109987;;170103;20/12/16
CIP109973;;170103;20/12/16
CIP109982;;170103;20/12/16
CIP109985;;170103;20/12/16
CIP110376;;170103;20/12/16
CIP110001;;170103;20/12/16
CIP109332T;;170103;20/12/16
CIP109865T;;170103;20/12/16
CIP103535;;170103;20/12/16
CIP103536;;170103;20/12/16
CIP109956;;170103;20/12/16
CIP109957;;170103;20/12/16
CIP109953;;170103;20/12/16
CIP109954;;170103;20/12/16
CIP107447T;;170103;20/12/16
CIP108385T;;170103;20/12/16
CIP110296T;;170103;20/12/16
CIP111113T;;170106;22/12/16
CIP111114T;;170106;22/12/16
CIP111203T;;170106;22/12/16
CIP111200T;;170106;22/12/16
CIP111201T;;170106;22/12/16
CIP111111T;;170106;22/12/16
CIP103048;;170106;23/12/16
CIP103071;;170106;23/12/16
CIP102249;;170106;23/12/16
CIP102706;;170106;23/12/16
CIP103062;;170106;23/12/16
CIP100616;;170106;23/12/16
CIP103052;;170106;23/12/16
CIP102547;;170106;23/12/16
CIP102075;;170106;23/12/16
CIP109514T;;170113;05/01/17
CIP108994T;;170113;05/01/17
CIP105644;;170113;05/01/17
CIP105642;;170113;05/01/17
CIP111235T;;170113;05/01/17
CIP111232T;;170113;05/01/17
CIP111234T;;170113;05/01/17
CIP111055T;;170113;05/01/17
CIP102503T;;170113;05/01/17
CIP103220T;;170113;05/01/17
CIP111236T;;170113;05/01/17
CIP110025T;;170113;05/01/17
CIP110013;;170113, 170203;05/01/17
CIP109811T;;170113;05/01/17
CIP103857;;170113;05/01/17
CIP111198T;;170117;05/01/17
CIP111197T;;170117;05/01/17
CIP111062T;34216;170113;05/01/17
CIP108787T;20005-18;170203;20/01/17
CIP110013;34216;170113/170203;20/01/17
CIPA168;30016;170203;20/01/17
CIP63-8;34216;170203;20/01/17
CIP111197T;32716;170203;20/01/17
CIP111198T;32716;170203;20/01/17
CIP104542T;21815;170203;20/01/17
CIP111086;16216;170203;20/01/17
CIP106290T;1102;170203;20/01/17
CIP109783;27816;170203;20/01/17
CIP111190T;0917;170224;30/01/17
CIP111194T;32016;170217;30/01/17
CIP111195T;32016;170217;30/01/17
CIP58-14;32016;170217;30/01/17
CIP111286T;36216;170217;30/01/17
CIP111287T;36216;170217;30/01/17
CIP111178T;36216;170217;30/01/17
CIP104222;0917;170217;30/01/17
CIP105626;0917;170217;30/01/17
CIP100100T;0917;170217;30/01/17
CIP111019T;6316;170217;02/02/17
CIP102697;1034;170217;02/02/17
CIP111174;34216;170217;02/02/17
CIP111204;33716;170217;02/02/17
CIP111205;33716;170217;02/02/17
CIP111206;33716;170217;02/02/17
CIP111207;33716;170217;02/02/17
CIP111208;33716;170217;02/02/17
CIP111209;33716;170217;02/02/17
CIP111210;33716;170217;02/02/17
CIP111211;33716;170217;02/02/17
CIP111212;33716;170217;02/02/17
CIP111213;33716;170217;02/02/17
CIP111214;34216;170217;02/02/17
CIP111215;34216;170217;02/02/17
CIP111216;34216;170217;02/02/17
CIP111217;34216;170217;02/02/17
CIP111219;34216;170217;02/02/17
CIP111304;2017;170217;02/02/17
CIP103045;11407;170217;02/02/17
CIP103054;14207;170217;02/02/17
CIP103056;7109;170217;02/02/17
CIP103089;17807;170217;02/02/17
CIP103091;21207;170217;02/02/17
CIP103640;005;170217;02/02/17
CIP104270;1050;170217;02/02/17
CIP107217;1078;170217;03/02/17
CIP107448T;1067;170217;03/02/17
CIP109753;33207;170217;03/02/17
CIP108840T;2710;170217;03/02/17
CIP109214T;2710;170224, 170307 redeposit;03/02/17
CIP109241T;2710;170224;03/02/17
CIP109242T;17206;170224;03/02/17
CIP109464T;6607;170224;03/02/17
CIP109489T;2610;170224;03/02/17
CIP109574T;23357;170224;03/02/17
CIP109865T;29008;170224, 170307 redeposit;03/02/17
CIP109890T;34608;170224;03/02/17
CIP111285T;36216;170217;03/02/17
CIP107195;0917;170217;03/02/17
CIP106178;0917;170217;03/02/17
CIP105629;0917;170217;03/02/17
CIP109835;0917;170217;03/02/17
CIP103584;0917;170217;03/02/17
CIP105777;1617;170217;03/02/17
CIP105701;1617;170217;03/02/17
CIP107234;0917;170217;03/02/17
CIP111116;0917;170217;03/02/17
CIP111112T;32716;170224;13/02/17
CIP111236T;34216;170224;13/02/17
CIP111098T;16216;170224;13/02/17
CIP111186T;28516;170224;13/02/17
CIP110951T;13116 pas de souche;170224;13/02/17
CIP106114T;987;170224;13/02/17
CIP81-63T;f92;170224;13/02/17
CIP111233T;34216;170224;13/02/17
CIP103999;34516 LOT 8210 pas de souche;170224;13/02/17
CIP103114T;fhk;170224;13/02/17
CIP108657T;9705;170224;13/02/17
CIP107426T;1080;170224;13/02/17
CIP79-7T;5510;170224 (partial);13/02/17
CIP109938T;;170224;17/02/17
CIP110398T;;170224;17/02/17
CIP110390T;;170224;17/02/17
CIP110235T;;170224;17/02/17
CIP109029;;170224;17/02/17
CIP110368;;170224;17/02/17
CIP110399T;;170224;17/02/17
CIP110192T;;170224;17/02/17
CIP109900T;;170224;17/02/17
CIP110387T;;170224;17/02/17
CIP110183T;;170224;17/02/17
CIP109901T;;170224;17/02/17
CIP110384T;;170224;17/02/17
CIP109898T;;170224;17/02/17
CIP109993;18109;170303;24/02/17
CIP109995;18109;170303;24/02/17
CIP109978;17409;170303;24/02/17
CIP109994;18109;170303;24/02/17
CIP109980;17409;170303;24/02/17
CIP7267;;170303;24/02/17
CIP109992;18109;170303;24/02/17
CIP103584;0917;170217;24/02/17
CIP105630;0917;170303;24/02/17
CIP106179;0917;170303;24/02/17
CIP106352T;0917;170303;24/02/17
CIP111191T;0917;170310;24/02/17
104122;;170317;01/03/17
CIP106094T;2606;170317;01/03/17
103472;;170317;01/03/17
106096;13909;170317;01/03/17
104473;2109;170317;01/03/17
107063;935;170317;01/03/17
51-48;eHd;170317;01/03/17
CIP104220;2717;170321;01/03/17
CIP52-55;2717 (pas 55-55 erreur);170317;01/03/17
CIP103754;2717;170317;01/03/17
CIP103214;2717;170317;01/03/17
CIP111318T;2717;170317;01/03/17
CIP104596;347;170324, 170327;16/03/17
CIP104536T; 33509;170324, 170327;16/03/17
CIP105386;;170324, 170327;16/03/17
CIP104534T;;170324, 170327;16/03/17
CIP105395T;;170324, 170327;16/03/17
CIP107998T;506;170324, 170327,170404;16/03/17
CIP105293T;546;170324, 170327;16/03/17
CIP110083;4817;170324, 170327;16/03/17
CIP104750T;4817;170331;16/03/17
CIP110519;4817;170414;16/03/17
CIP104270;4817;170404;16/03/17
CIP103472T;;170404;16/03/17
CIP103627;4817;170407;16/03/17
CIP111330;avant prod;170407;16/03/17
CIP111304;5817;170407;16/03/17
CIP107827T;11903;170421, 170426;24/03/17
CIP105423T;627;170421;24/03/17
CIP106349T;905;170421;24/03/17
CIP111154T;4817;170421;24/03/17
CIP111117;4817;170421;24/03/17
CIP111115T;4817;170421;24/03/17
CIP111063T;4817;170421;24/03/17
CIP111171;34216;170421;24/03/17
CIP111173;34216;170421;24/03/17
CIP111351T;avt prod);170425;24/03/17
CIP111103T;4817;170421;05/04/17
CIP109753;33207;170421 2eme;05/04/17
CIP108840T;2710;170421 2eme;05/04/17
CIP107217;1078;170421 2eme;05/04/17
CIP106324;;170428;19/04/17
CIP52-171;27904;170428;19/04/17
CRBIP14-15;13705;170428;19/04/17
CIP53-126;4315;170428;19/04/17
CIP105917;;170428;19/04/17
CIP107871;;170428;19/04/17
CIP52-172;7912;170428;19/04/17
CIP105283;;170428;19/04/17
CIP110281;;170428;19/04/17
CIP107196;;170428;19/04/17
CIP103571;;170428;19/04/17
CIP110354;;170428;19/04/17
CIP106327;;170428;19/04/17
CIP106325;;170428;19/04/17
CIP107195;;170428;19/04/17
CIP105423T;;Résultat réçu pour la même souche  le 170421;20/04/17
CIP105395T;;Résultats réçu pour les mêmes souches  les 170324, 170327;20/04/17
CIP106867T;;170428;20/04/17
CIP111323;2717;170505;02/05/17
CIP111319T;2717 pas de souche;170505;02/05/17
CIP111328T;9317;170505;02/05/17
CIP4-83;9317;170505;02/05/17
CIP56-39;27816;170505;02/05/17
CIP111183T;4817;170505;02/05/17
CIP105516T;9317;170505;02/05/17
CIP109456T;33415;170505;02/05/17
CIP110856;8017;170512;03/05/2017
CIP106415;8017;170512;03/05/2017
CIP111192T;0917;170524;03/05/2017
CIP111193T;0917;170524;03/05/2017
CIP77-26T;8017;170524;03/05/2017
CIP59-60;8017;170524;03/05/2017
CIP108390T;;170524;03/05/2017
CIP54-7;8017;170524;03/05/2017
CIP104534T;9317;170516;04/05/2017
CIP110629T;9317;170516;04/05/2017
CIP109214T;2710;170512;04/05/2017
CIP109241T;2710;170512;04/05/2017
CIP107957T;21709;170512;04/05/2017
CIP109890T;34608;170512;04/05/2017
CIP110183T;24410;170512;04/05/2017
CIP109994;18109;170512;05/05/2017
CIP76-110;10917;170512;04/05/2017
CIP76-110;10917;170512;04/05/2017
CIP108383;28004;170512;04/05/2017
CIP110349;36311;170512;04/05/2017
CIP111320;2717;170512;04/05/2017
CIP111321;2717;170512;04/05/2017
CIP111322T;2717;170512;04/05/2017
CIP111329T;9317;170512;04/05/2017
CIP111097T;8017;170512;04/05/2017
CIP107998T;506;170602, 170609;12/05/2017
CIP107827T;11903;170609;12/05/2017
CIP111363T;10917;170620;08/06/2017
CIP102375;11517;170620;08/06/2017
CIP78-31;11517;170620;08/06/2017
CIP107063;8017;170620;08/06/2017
CIP111345T;8017;170620;08/06/2017
CIP69-24;11517;170620, 170627;08/06/2017
CIP110783T;11517;170620;08/06/2017
CIP110983T;9317;170620;08/06/2017
CIP108750T;;170620;08/06/2017
CIP109464T;;170620;08/06/2017
CIP109489T;;170620;08/06/2017
CIP109980;;170620;08/06/2017
CIP109574T;;170620;08/06/2017
CIP111364T;13617;170630;26/06/2017
CIP111014T;;170630;26/06/2017
CIP102662;13617;170630, 170711;26/06/2017
CIP106532T;13617;170630;26/06/2017
CIP110784T;11517;170630, 170711;26/06/2017
CIP107457T;1073 avant prod;170630;26/06/2017
CIP107849T;32716;170630;26/06/2017
CIP109029;13617;170630;26/06/2017
CIP108286;13617;170630;26/06/2017
CIP111330;13617;170630;26/06/2017
CIP111351;13617;170630;26/06/2017
CIP111053;13617;170630;26/06/2017
CIP110811T;13617;170630;26/06/2017
CIP111153T;8017;170725;30/06/2017
CIP110946T;9317;170721;30/06/2017
CIP104740T;392;170725;30/06/2017
CIP104741T;392;170725;30/06/2017
CIP104743T;392;170725;30/06/2017
CIP103531T;22309;170725;30/06/2017
CIP101265;18711;170725;30/06/2017
CIP100068;23308;170725;30/06/2017
CIP54-8T;15717;170725;06/07/2017
CIP54-8T;15717;170725;06/07/2017
CIP110283;15717;170725;06/07/2017
CIP107935T;15717;170721;06/07/2017
CIP105960T;15717;170721;06/07/2017
CIP107457T;16717 après prod;170725, 170801;06/07/2017
CIP107629;15717;170725;06/07/2017
CIP111237T;16717;170725;06/07/2017
CIP111066;16717;170725;06/07/2017
CIP111241;16717;170725;06/07/2017
CIP111065;16717;170725;06/07/2017
CIP111145;16717;170728;06/07/2017
CIP106151;16717;170728;06/07/2017
CIP104998;15717;170728;06/07/2017
CIP108247;15717;170728;06/07/2017
CIP110818T;16717;170728;06/07/2017
CIP110945T;16717;170728;06/07/2017
111400T;;170804;13/07/17
CIP103141T;4817;170804;13/07/17
CIP111247;;170804;13/07/17
CIP106777;;170804;13/07/17
CIP104742T;;170808;13/07/17
CIP104744T;;170808;13/07/17
CIP100931T;;170808;13/07/17
CIP105534;;170808;13/07/17
CIP105535;;170808;13/07/17
CIP108709T;20705;170808;13/07/17
CIP101122T;;170808;13/07/17
CIP105745T;;170808;13/07/17
CIP107124T;;170808;13/07/17
CIP108161T;;170808;13/07/17
CIP108326T;;170808;13/07/17
CIP109866T;;170808;13/07/17
CIP109867T;;170808;13/07/17
CIP109887T;;170808;13/07/17
CIP109888T;;170808;13/07/17
CIP109991;;170808;13/07/17
CIP109970;;170808;13/07/17
CIP109971;;170808;13/07/17
CIP109974;;170808;13/07/17
CIP109975;;170808;13/07/17
CIP109983;;170808;13/07/17
CIP111401T;20517;170905;23/08/17
4_4;;170905;23/08/17
4_5;;170905;23/08/17
3_8;;170905;23/08/17
3_3;;170905;23/08/17
3_9;;170905;23/08/17
1_4;;170905;23/08/17
CRBIP19-268;1408;170905;23/08/17
CIP109815T;23317;170928;11/09/17
CIP107448T;20517;170928;11/09/17
CIP108050T;1310;170928;11/09/17
CIP109574T;23317;170928, 171005;11/09/17
CIP107124T;20517;170928;11/09/17
CIP109743T;20517;170928;11/09/17
CIP110183T;23317;170928;11/09/17
CIP75-1T;23317;170928;11/09/17
CIP101855;20517;170926;11/09/17
CIP53-124;20517;170926;11/09/17
CIP107652;20517;170928;11/09/17
CIP55-30;20517;170928;11/09/17
CRBIP17-18;23317;170928;11/09/17
CIP105960T;15717;170928, 171005;11/09/17
CIP103212;20517;170928;11/09/17
CIP106356T;20517;170928, 171003;12/09/17
CIP106358T;20517;170928;12/09/17
CIP104340;23317;170928;12/09/17
CIP81-57;23317;170928;12/09/17
CIP105891;20517;170928;12/09/17
CIP109356T;23317;170928;12/09/17
CIP111400T;22017;170928;12/09/17
CIP103570;20517;170928;12/09/17
CIP111172;34216;170928;12/09/17
CIP111218;34216;170928;12/09/17
CIP111129;24917;170928;12/09/17
CIP111120;24917;171004;12/09/17
CIP111253;24917;171003;12/09/17
CIP111105;24316;171003;12/09/17
CIP111107;24316;171003;12/09/17
CIP111065;16717;"171006, redonné à P2M lr 22/11/17";20/09/2017
CIP107136T;24717;"171006, refait le 08/11/17";20/09/2017
CIP105182;24717;"171006, refait le 08/11/17";20/09/2017
CIP55-119;20517;171006;04/10/2017
CIP102302;11517;171006;04/10/2017
CIP108530T;3905;171006;04/10/2017
CIP108529T;32804;171006;04/10/2017
CIP108528T;35704;171006;04/10/2017
CIP108418T;32804;171006;04/10/2017
CIP111406T;23317;171006;04/10/2017
CIP111409T;24817;171006;04/10/2017
CIP101129T;20517;171006;04/10/2017
CIP111362T;10917;171006;04/10/2017
CIP111329T;9317;171006;04/10/2017
CIP108685T;11005;171006;04/10/2017
CIP103528T;16216;171006;04/10/2017
CIP111454T;28517;171110;13/10/2017
CIP111455T;28517;171110;13/10/2017
CIP111456T;28517;171110;13/10/2017
CIP111457T;28517;171110;13/10/2017
CIP111458T;28517;171110;13/10/2017
CIP111459T;28517;171110;13/10/2017
CIP111460T;28517;171110;13/10/2017
CIP111461T;28517;171110;13/10/2017
CIP111141;24416;171110;13/10/2017
CIP81-54T;417;171110;13/10/2017
CIP81-55T;17911;171110;13/10/2017
CIP81-56T;8006;171110;13/10/2017
CIP81-64T;474;171110;13/10/2017
CIP81-66T;942;171110;13/10/2017
CIP103643T;013;171110;13/10/2017
CIP108864T;16214;171110;13/10/2017
CIP108327T;24717;171115;13/10/2017
CIP103191T;24717;171115;13/10/2017
CIP105662;20517;171115;13/10/2017
CIP107958T;17503;171115;13/10/2017
CIP103448T;22017;171110;13/10/2017
CIP105716T;658;171110;13/10/2017
CIP107301T;23317;171110;20/10/2017
CIP109638T;24717;171110;20/10/2017
CIP108274T;26817;171110;20/10/2017
CIP103205T;24717;171110;20/10/2017
CIP108258T;24717;171110;20/10/2017
CIP111412;26817;171114;20/10/2017
CIP111485;28817;171114;20/10/2017
CIP69-13T;26817;171114;20/10/2017
CIP111490T;28817;171114;20/10/2017
CIP111491T;28817;171114;20/10/2017
CIP111493T;28817;171114;20/10/2017
CIP111450T;28817;171114;20/10/2017
CIP107454T;;171110;20/10/2017
CIP60-93;23317;171110;20/10/2017
CIP103642T;013;171114;20/10/2017
CIP111362T;10917;171114;20/10/2017
CIP81-49T;26907;171114;20/10/2017
CIP103642T;29817;171122;08/11/17
CIP105960T;15717;171122;08/11/17
CIP82-30T;29817;171122;08/11/17
CIP111489T;28617;171122;08/11/17
CIP111495T;28917;171122;08/11/17
CIP111496T;28917;171122;08/11/17
CIP56-90;28817;171122;08/11/17
CIP107448T;20517;171122, 171129;08/11/17
CIP107136T;24717;171122, 171129;08/11/17
CIP111444T;Avtprod;171122;08/11/17
CIP111410T;24817;171122;08/11/17
CIP111487T;28817;171122;08/11/17
CIP111202T;28817;171122;08/11/17
CIP105182;24717;171122;08/11/17
CIP54-127;20517;171122;08/11/17
CIP54-127;20517;171122;09/11/17
CIP111543T;31017;171201;22/11/17
CIP111542T;31417;171201;22/11/17
CIP103549;29817;171201;22/11/17
CIP111403;29817;171201;22/11/17
CIP111402;29817;171201;22/11/17
CIP103869;29817;171201;22/11/17
CIP103857;29817;171201;22/11/17
CIP101049T;29817;171201;22/11/17
CIP111497T;28917;171201;22/11/17
CIP106155T;29817;171201;22/11/17
CIP103452T;29817;171201;22/11/17
CIP111544T;31017;171201;22/11/17
CIP64-31T;11517;171201;22/11/17
CIP111546T;31017;171201;22/11/17
CIP111065;16717;171201;22/11/17
CIP107042T;23317;171229;19/12/17
CIP109754;30016;180105;19/12/17
CIP105149;33117;171229;19/12/17
CIP105876;33117;171229;19/12/17
CIP107403;33117;171229;19/12/17
CIP53-160;33117;171229;19/12/17
CIP111565;32017;171229;19/12/17
CIP104226;33117;171229;19/12/17
CIP105663;24717;171229;19/12/17
CRBIP14-15;33117;171229;19/12/17
CIP107196;1015;171229;19/12/17
CIP111098T;28817 Erreur lot, bon lot : 28317;171229;19/12/17
CIP110896T;5815;180105;19/12/17
CIP110403T;9512;180105;19/12/17
CIP110377T;8712;180105;19/12/17
CIP107457T;16717 ;180105;19/12/17
CIP111411T;24817;180105;19/12/17
CIP109029;13617;180105;19/12/17
CIP109464T;23317;180105;19/12/17
CIP111053;13617;180105;19/12/17
CIP103929T;24717;180105;19/12/17
CIP79-7T;5510;180105;19/12/17
CIP111547T;31017;180105;19/12/17
CIP111545T;31017;180105;19/12/17
CIP111051T;9716;180112;09/01/18
CIP111052;32017;180112;09/01/18
CIP109339T;0917;180112;09/01/18
CIP103429;10113;180112;09/01/18
CIP76-25;17613 ;180112;09/01/18
CIP65-25;14114;180112;09/01/18
CIP67-8;407;180112;09/01/18
CIP65-8T;913;180112;09/01/18
CIP53-156;4304;180112;09/01/18
CIP53-154;8707;180112;09/01/18
CRBIP21-21;32707;180112;09/01/18
CIP109334T;32706;180112;09/01/18
CIP101224;khe;180112;09/01/18
CIP100007;648;180112;09/01/18
CIP53-82;26014;180112;09/01/18
CIP59-14;hge ghe;180112;09/01/18
CIP59-16;hge ghe;180112;09/01/18
CIP55-94;khd;180112;09/01/18
CIP105860;2914;180112;09/01/18
CIP105903;7314;180112;09/01/18
CIP106188;;180202;26/01/18
CIP54-117;;180202;26/01/18
CIP105932T;;180202;26/01/18
CIP69-17T;;180202;26/01/18
CIP102806T;;180202;26/01/18
CIP109805;;180202;26/01/18
CIP103792T;;180202;26/01/18
CIP100918T;;180202;26/01/18
CIP109517T;;180202;26/01/18
CIP103378T;;180202, 180207;26/01/18
CIP111407T;;111407;
CIP111488T;;180202;26/01/18
CRBIP7-76;;180202;26/01/18
CIP108962T;;180202;26/01/18
CIP109298T;;180202;26/01/18
CIP109295T;;180209;26/01/18
CIP109294T;;180202;26/01/18
CIP111328T;33117;180302;14/02/18
CIP111598T;33117;180302;14/02/18
CIP79-7T;ahf;180302;14/02/18
CIP79-39;35317;180302;14/02/18
CIP105150;35317;180302;14/02/18
CIP100014;21908;180302;14/02/18
CIP106878;1618;180302;14/02/18
CIP107069T;35317;180302;14/02/18
CIP53-153;1618;180302;14/02/18
CIP53-153;1618;180302;14/02/18
CIP107700;10713;180302;14/02/18
CIP111603T;1918;180302;14/02/18
CIP110615T;1618;180302;14/02/18
CIP110616T;1618;180302;14/02/18
CIP110617T;1618;180302;14/02/18
CIP110636T;1618;180302;14/02/18
CIP106379;774;180302;14/02/18
CIP81-55T;4518;180323;16/03/18
CIP111611T;5918;180323;16/03/18
CIP107217;4518;180323;16/03/18
CIP81-49T;4518;180323;16/03/18
CIP110713T;1618;180323;16/03/18
CIP110817T;1618;180323;16/03/18
CIP107622T;1132;180323;16/03/18
CIP110853T;3718;180323;16/03/18
CIP110854T;3718;180323;16/03/18
CIP111610T;5918;180323;16/03/18
CIP101778;4518;180330;16/03/18
CIP109739T;23317;180323;16/03/18
CIP82-50T;4518;180330;16/03/18
CIP106327;4518;180330;16/03/18
CIP111126;5418;180330;16/03/18
CIP107190;4518;180330;16/03/18
CIP109784;4518;180330;16/03/18
CIP102593;4518;180330;16/03/18
CIP106943;35317;180330;16/03/18
CIP110619T;1618;180330;16/03/18
CIP110618T;1618;180330;16/03/18
CIP110709T;1618;180330;16/03/18
CIP110613T;1618;180330;16/03/18
CIP107205T; 998 (erreur lot, bon lot 29817);180413;28/03/18
CIP111404T;29817;180413;28/03/18
CIP111405T;29817;180413;28/03/18
CIP109596T;25507;180413;28/03/18
CIP109028T;8206;180413;28/03/18
CIP108955T;;180413;28/03/18
CIP109753;4518;180413;06/04/18
CIP111609T;5918;180413;06/04/18
CIP110712T;1618;180413;06/04/18
CIP111616T;8118;180413;06/04/18
CIP110784T;6718;180413;06/04/18
CIP110947T;4518;180420;06/04/18
CIP110986T;6718;180413;06/04/18
CIPA62;6408;180413;06/04/18
CIP109717T;29912;180413;06/04/18
CIP105662;20517;180413;06/04/18
CIP105185;15515;180413;06/04/18
CIP110954T;6718;180518;24/04/18
CIP110614T;2518 (erreur lot, bon lot 1618);180518;24/04/18
CIP82-59;mhk;180525;24/04/18
CIP106981;35317;180518;24/04/18
CIP104223;9418;180518;24/04/18
CIP111240;9418;180518;24/04/18
CIP109869;9418;180518;24/04/18
CIP111242;9418;180518;24/04/18
CIP110041T;9418;180518;24/04/18
CIP52-62;5014;180518;24/04/18
CIP103265T;9418;180525;24/04/18
CIP103219T;6718;180525;24/04/18
CIP103227T;2915;180525;24/04/18
CIP104492;6718;180525;24/04/18
CIP109994;18109;180525;24/04/18
CIP107448T;6718;180525;24/04/18
CIP70-12T;9418;180525;24/04/18
CIP102677T;ihg;180525;24/04/18
CIP104761T;641;180525;24/04/18
CIP108131T;7604;180525;24/04/18
CIP109879T;6718;180531;24/04/18
CIP106969;9418;180525;24/04/18
CIP109538;16407;180629;21/06/2018
CIP104531;29817;180629, 180706 (redeposit);21/06/2018
CIP109538;16407;180629;28/06/2018
CIP107297;33117;180713;28/06/2018
CIP104531;29817;180713;28/06/2018
CIP108050T;1310;180629;26/06/2018
CIP111623T;11518 erreur lot, bon 11018;180629;26/06/2018
CIP111624T;11518 erreur lot, bon 11018;180629;26/06/2018
CIP111625T;11518 erreur lot, bon 11018;180629;26/06/2018
CIP111626T;11518 erreur lot, bon 11018;180629;26/06/2018
CIP111627T;11518 erreur lot, bon 11018;180629;26/06/2018
CIP106970;9418;180710;26/06/2018
CIP111629T;11518;180710;26/06/2018
CIP111328T;33117;180710;26/06/2018
CIP111454T;28517 erreur lot, bon 11518;180710;26/06/2018
CIP111457T;28517 erreur lot, bon 11518;180710;26/06/2018
CIP111458T;28517 erreur lot, bon 11518;180710;26/06/2018
CIP111494;28817;180710;26/06/2018
CIP111492;28817;180710;26/06/2018
CIP105979;6718;180710;26/06/2018
CIP106878;1618;180710;26/06/2018
CIP110388T;13418;180710;26/06/2018
CIP109952;9418;180710;26/06/2018
CIP79-7T;11518;180710;26/06/2018
CIP103720;11518;180710;26/06/2018
CIP105826T;13418;180710;26/06/2018
CIP103504T;f92;180710;26/06/2018
CIP52-1;fib;180710;26/06/2018
CIP110867;13418;180713;26/06/2018
CIP106943;35317;180713;26/06/2018
CIPA30;13418;180713;26/06/2018
CIP105674;13418;180719;26/06/2018
CIP53-90;ihg;180713;26/06/2018
CIP110607T;17713;180719;26/06/2018
CIP110819T;8912  Bon lot 27215;180719;26/06/2018
CIP103049;235;180719;26/06/2018
CIP109939;9209;180719;26/06/2018
CIP110417;11612;180719;26/06/2018
CIP110358;1012;180719;26/06/2018
CIP111622T;11518;180719;26/06/2018
CIP106327;4518;180719;26/06/2018
CIP111628T;11518  erreur lot, bon 12418;180724;11/07/2018
CRBIP3-705;15918;180725;11/07/2018
CIP111461T;28517 erreur lot, bon 11518;180725;11/07/2018
CIP111542T;28517 erreur lot, bon 11518;180725;11/07/2018
CIP111456T;28517 erreur lot, bon 11518;180725;11/07/2018
CIP109129;8109;180725;11/07/2018
CIP110380;13418;180725;11/07/2018
CIP110961;300-065;180725;11/07/2018
CIP110960;288-077;180725;11/07/2018
CIP100017;11518;180725;11/07/2018
CIP105466T;994;180725;11/07/2018
CIP105827;15918;180725;11/07/2018
CIP105828;15918;180725;11/07/2018
CIP82-110T;8210;180831;14/08/18
CIP55-13T;21918;180928;26/09/18
CIP82-115;21918;180928;26/09/18
CIP73-21T;19818;180928;26/09/18
CIP111621T;11018;180928;26/09/18
CIP111630T;12418;180928;26/09/18
CIP111635T;19818;180928;26/09/18
CIP111636T;19818;180928;26/09/18
CIP111640T;21418;180928;26/09/18
CIP111637T;19818;181120;06/11/2018
CIP111632T;15918;181120;06/11/2018
CIP107171T;21918;181120;06/11/2018
CIP55-133;15918;181120;06/11/2018
CIP110596T;12213;181120;06/11/2018
CIP111639T;21418;181116;06/11/2018
CIP111644;28318;181120;06/11/2018
CIP109865T;19818;181120;06/11/2018
CIP110404T;9512;181120;06/11/2018
CIP109164T;13418;181120;06/11/2018
CIP109242T;19818;181120;06/11/2018
CIP109868T;29608;181116;06/11/2018
CIP111634T;31218;181205;26/11/18
CIP111642T;29118;181205;26/11/18
CIP111645T;29918;181205;26/11/18
CIP111647T;31718;181205;26/11/18
CIP111648T;31718;181205;26/11/18
CIP100651;9418;181205;26/11/18
CIP64-67;19818;181205;26/11/18
CIP82-33T;10218 Erreur lot bon 9418;181205;26/11/18
CIP111646T;31218;181205/181218;26/11/18
CIP108325;11809;181205;26/11/18
CIP109939;13418;181205;26/11/18
CIP100846;27215 Erreur Bon numéro CIP110846;181205/181218;26/11/2018
CIP109986;17509;181205;26/11/2018
CIP109891;34608;181221;10/12/2018
CIP110631;23313;181221;10/12/2018
CIP106499;24618;181221;10/12/2018
CIP102300;9418;181221;10/12/2018
CIP104605;15918;181221;10/12/2018
CIP109129T;8106;181221;10/12/2018
CIP105114T;21815;181221;10/12/2018
CIP106347;19818;181221;10/12/2018
CIP103746;21918;181221;10/12/2018
CIP111643T;24318;181221;10/12/2018
CIP111638T;21918;181221;10/12/2018
CIP104033;24618;181221;17/12/2018
CIP111649T;32418;181221;17/12/2018
CIP111650;32418;181221;17/12/2018
CIP78-19;23418;181228;17/12/2018
CIP78-14;21918;181228;17/12/2018
CIP111615T;11518;181228;17/12/2018
CIP109921T;13418;181228;17/12/2018
CIP108011;19818;181228;17/12/2018
CIP103172T;13418;181228;17/12/2018
CIP54-167;21618;181228;17/12/2018
CIP60-6T;21918;181228;17/12/2018
CIP108528T;15918;181228;17/12/2018
CIP103228;9418;181228;17/12/2018
CIP63-32;24618;181228;17/12/2018
CIP107716;21918;181228;17/12/2018
CIP107660;27518;190111;04/01/2019
CIP82-31;27518;190111;04/01/2019
CIP82-97;19818;190111;04/01/2019
CIP110280;29518;190111;04/01/2019
CIP107859;29518;190111;04/01/2019
CIP55-128T;33118;190111;04/01/2019
CIP56-41T;19818;190111;04/01/2019
CIP110833T;25514;190111;04/01/2019
CIP108744T;29518;190111;04/01/2019
CIP109950;28114;190111;04/01/2019
CIP110845T;27215;190111;04/01/2019
CIP110379T;31218;190111;04/01/2019
CIP110391T;9412;190111;04/01/2019
CIP110894T;4415;190111;04/01/2019
CIP110860;24618;190111;07/01/2019
CIP111605;24918;190111;07/01/2019
CIP52-74;29518;190111;07/01/2019
CIP111641T;21418;190111;07/01/2019
CIP103572;27518;190111;07/01/2019
CIP110987;6718;190111;07/01/2019
CIP106687;19818;190111;07/01/2019
CIP107266;29518;190111;07/01/2019
CIP110984;11518;190111;07/01/2019
CIP111243;24618;190111;07/01/2019
CIP106332T;12918;190111;07/01/2019
CIP106076T;27518;190111;07/01/2019
CIP106935T;29518;190111;07/01/2019
CIP54-2T;27518;190130;15/01/2019
CIP102760T;21918;190205;15/01/2019
CIP110570T;1618;190130;15/01/2019
CIP107450T;24618;190130;15/01/2019
CIP102501T;24618;190205;15/01/2019
CIP104351;29518;190130;15/01/2019
CIP68-35T;31218;190130;15/01/2019
CIP109955;31218;190130;15/01/2019
CIP80-49;33118;190201;15/01/2019
CIP103860;31218;190130;15/01/2019
CIP108214;17504;190201;15/01/2019
CIP80-1;mHe;190201;15/01/2019
CIP105047;495;190201;15/01/2019
CIP110481;34414;190201;15/01/2019
CIP105636;21918;190201;28/01/2019
CIP105356;19818;190201;28/01/2019
CIP107475;1099  Erreur lot, bon lot 1093;190201;28/01/2019
CIP54-99;1708;190201;28/01/2019
CIP109221;22106;190201;28/01/2019
CIP110552;33912;190201;28/01/2019
CIP66-5;19818;190201;28/01/2019
CIP103602;29518;190201;28/01/2019
CIP103601;27518;190201;28/01/2019
CIP105002;27518;190201;28/01/2019
CIP109777;21918;190201;28/01/2019
CIP109928;13418;190201;28/01/2019
CIP110962;28877;190201;28/01/2019
CIP81-66;33818;190212;04/02/2019
CIP76-125;33818;190212;04/02/2019
CIP103714;27518;190212;04/02/2019
CIP110963;28877;190212;04/02/2019
CIP52-218;33818;190212;04/02/2019
CIP53-13;33818;190212;04/02/2019
CIP76-1;29518;190212;04/02/2019
CIP105410;29518;190212;04/02/2019
CIP53-145;33818;190212;04/02/2019
CIPA51;29518;190212;04/02/2019
CIP103689;29518;190212;04/02/2019
CIP106375;15918;190212;04/02/2019
CIP103690;31218;190212;04/02/2019
CIP111652;3019;190222;14/02/2019
CIP110462;31218;190222;14/02/2019
CIP111651;3019;190222;14/02/2019
CIP111613;31218;190222;14/02/2019
CIP108753;16605;190222;14/02/2019
CIP106431;0917;190222;14/02/2019
CIP53-17;33818;190222;14/02/2019
CIP110964;288-077;190222;14/02/2019
CIP111633;22918;190222;14/02/2019
CIP75-19;K92;190222;14/02/2019
CIP75-22;Khe;190222;14/02/2019
CIP109289;21918;190222;14/02/2019
CIP109988;17509;190326, 190402;25/02/2019
CIP110594T;13613;190326, 190405;25/02/2019
CIP111657;4219;190326, 190402;25/02/2019
CIP110815;4219;190326, 190405;25/02/2019
CIP111653;3519;190327;25/02/2019
CIP111654;00919  Erreur lot bon 3519;190327;25/02/2019
CIP106827;888;190327;25/02/2019
CIP102791;23005;190327;25/02/2019
CIP105589;644;190327;25/02/2019
CIPA167;33818;190326;25/02/2019
CIP109418;00919;190326;25/02/2019
CIP111526;00919;190327;25/02/2019
CIP111525;00919;190327;25/02/2019
CIP111607;5119;190430-190507;27/03/2019
CIP111661;5119;190426;27/03/2019
CIP111662;6019;190426;27/03/2019
CIP107946;36503;190426;27/03/2019
CIP111030;6316;190426;27/03/2019
CIP111666;6019;190426;27/03/2019
CIP111663;6019;190426;27/03/2019
CIP111669;7019;190426;27/03/2019
CIP111671;7019;190426;27/03/2019
CIP111668;7019;190426;27/03/2019
CIP105923;4518;190426;27/03/2019
CIP110328;13011;190426;27/03/2019
CIP108268;6519;190426;27/03/2019
CIP111331;19918;190430;02/04/2019
CIP111332;19918;190430;02/04/2019
CIP111333;19918;190430;02/04/2019
CIP111334;19918;190430;02/04/2019
CIP111335;20018;190430;02/04/2019
CIP111337;20018;190430;02/04/2019
CIP111388;20018;190430;02/04/2019
CIP109765;33907;190430;02/04/2019
CIP110594;13613;190430;02/04/2019
CIP53-145;33818;190430;02/04/2019
CIP103643;33818;190430;02/04/2019
16_20780;;190607;30/04/2019
CIP111664;6019;190607;30/04/2019
CIP111673;7419;190607;30/04/2019
CIP111694;8919;190607;30/04/2019
CIP111660;5119;190607;30/04/2019
CIP105899;6519;190607;30/04/2019
CIP64-71;36210;190607;30/04/2019
CIP101158;33818;190607;30/04/2019
CIP111655;7019;190607;30/04/2019
CIP111677;8519;190607;24/05/2019
CIP111681;8519;190607;24/05/2019
CIP111682;8519;190607;24/05/2019
CIP111684;8519;190607;24/05/2019
CIP111685;8519;190607;24/05/2019
CIP111687;8519;190607;24/05/2019
CIP111693;8919;190607;24/05/2019
CIP111665;6019;190612;24/05/2019
CIP111674;7419;190607;24/05/2019
CIP110012;6519;190607;24/05/2019
CIP108709;00919;190607;24/05/2019
CIP108743;29518;190612;24/05/2019
CIP111667T;7419;190612;29/05/2019
CIP111656T;4319;190614;29/05/2019
CIP111691;8519;190612;29/05/2019
CIP111689;8519;190612;29/05/2019
CIP111688;8519;190612;29/05/2019
CIP108297T;15918;190614;29/05/2019
CIP109827T;21418;190614;29/05/2019
CIP106348T;17503;190614;29/05/2019
CIP109395;7107;190614;29/05/2019
CIP104533T;4817;190614;29/05/2019
CIP108974T;6718;190614;29/05/2019
CIP111601T;00919;190618;29/05/2019
CIP106134;29518;190618;29/05/2019
CIP108690T;35317;190618;29/05/2019
CIP111697;11419;190621;14/06/2019
CIP111698;11419;190621;14/06/2019
CIP107078;26107;190621;14/06/2019
CIP111695;10119;190621;14/06/2019
CIP109426;0919;190621;14/06/2019
CIP111700;12019;190621;14/06/2019
CIP111703;12019;190621;14/06/2019
CIP102008;dhK;190621;14/06/2019
CIP104595;347;190621;14/06/2019
CIP108285;31218;190709;28/06/2019
CIP101265;18711;190709;28/06/2019
CIP111676;8519;190709;28/06/2019
CIP111679;8519;190709;28/06/2019
CIP111692;8519;190709;28/06/2019
CIP111709;14119;190709;28/06/2019
CIP104618;6518 Bon lot 6519;190712;05/07/2019
CIP108681;33818;190712;05/07/2019
CIP64-62;33818;190712;05/07/2019
CIP107488;31218;190712;05/07/2019
CIP105293;1707;190712;05/07/2019
CIP111599;00919;190716;05/07/2019
CIP110086;00919;190712;05/07/2019
CIP110666;13314;190712;05/07/2019
CIP110667;24814;190712;05/07/2019
CIP110069;6519;190712;05/07/2019
CIP109409;507;190712;05/07/2019
CIP109410;36406;190712;05/07/2019
CIP110668;24814;190724;15/07/2019
CIP110662;10114;190724;15/07/2019
CIP110659;10114;190724;15/07/2019
CIP110660;10114;190726;15/07/2019
CIP111707T;;190726;15/07/2019
CIP111708;14119;190726;15/07/2019
CIP111659;10119;190726;15/07/2019
CIP106846;;190726;15/07/2019
CIP108092;14119;190726;15/07/2019
CIP109506;7107;190726;15/07/2019
CIP111710;14119;190726;15/07/2019
CIP111680;8519;190726;15/07/2019
CIP111683;8519;190726;15/07/2019
CIP111706;13719;190726;15/07/2019
CIP111670;17119;190801;22/07/2019
CIP111715;16519;190801;22/07/2019
CIP103744;16519;190801;22/07/2019
CIP109891;13719;190801;22/07/2019
CIP111717;16519;190801;22/07/2019
CIP111696;10119;190801;22/07/2019
CIP110923;17719;190801;22/07/2019
CIP102722;19818;190801;22/07/2019
CIP102728;21009;190801;22/07/2019
CIP103716;22309;190801;22/07/2019
CIP103551;8310;190801;22/07/2019
CIP104221;29008;190801;22/07/2019
CIP105921;705;190801;22/07/2019
CIP105922;704;190801;22/07/2019
CIP73-10;11419;190801;22/07/2019
CIP111718;16519;190809;06/08/2019
CIP111713;16519;190809;06/08/2019
CIP111712;20419;190814;09/08/2019
CIP111720;20319;190814;09/08/2019
CIP110923;colblanches;190823;09/08/2019
CIP53-96;17908;190823;09/08/2019
CIP108541;15918;190823;09/08/2019
CIP111413;32717;190823;09/08/2019
CIP111414;32717;190823;09/08/2019
CIP111422;34817;190803;09/08/2019
CIP109153;15106;190823;09/08/2019
CIP109040;8806;190823;09/08/2019
CIP53-96;100608;190913;03/09/2019
CIP53-96;140395;190913;03/09/2019
CIP111675;8519;190913;03/09/2019
CIP111722;21719;190911;03/09/2019
CIP108031;11419;190911;03/09/2019
CRBIP21-18;32307;190906;03/09/2019
CRBIP21-24;32307 erreur lot, bon lot 32707;190906;03/09/2019
CIP111686;8519;190906;03/09/2019
CIP111738;23419;190906;03/09/2019
CIP111678;8519;190911;03/09/2019
CIP107093;11419;190911;03/09/2019
CIP103030;11518;190911;03/09/2019
CIP106485;11419;190911;03/09/2019
CIP110150;00919;190911;03/09/2019
CRBIP21-19;32307;190910;06/09/2019
CIP111739;23419;190911;09/09/2019
CIP53-96;f92;191007;01/10/2019
CIP111714;16519;191007;01/10/2019
CIP111721;21719;191007;01/10/2019
CIP111723;21719;191007;01/10/2019
CIP111724;21719;191007;01/10/2019
CIP111726;21719;191018;14/10/2019
CIP111729;21719;191018;14/10/2019
CIP111731;21719;191018;14/10/2019
CIP111732;21719;191018;14/10/2019
CIP111736;21719;191018;14/10/2019
CIP111735;21719;191018;14/10/2019
CIP53-96;f92;191029;14/10/2019
CIP111336;20018;191029;14/10/2019
CIP111338;20018;191029;14/10/2019
CIP107671;19819;;14/10/2019
CIP103867;16519;191029;14/10/2019
CIP110904;7215;191029;14/10/2019
CIP107777;21819;191029;14/10/2019
CIP104489;21819;191029;14/10/2019
CIP103694;19819;191029;14/10/2019
CIP107735;1135;191029;14/10/2019
CIP103355;0919;191029;14/10/2019
CIP106232;929;191029;14/10/2019
CIP109051;31218;191105;18/10/2019
CIP105813;21819;191105;18/10/2019
CIP108751;21819;191105;18/10/2019
CIP60-14;15918;191105;18/10/2019
CIP111608;33118;191105;18/10/2019
CIP107499;23219;191105;18/10/2019
CIP107243;1024;191105;18/10/2019
CIP107244;1023;191105;18/10/2019
CIP107245;1030;191105;18/10/2019
CIP107246;1035;191105;18/10/2019
CIP107247;1047;191105;18/10/2019
CIP105187;500;191105;18/10/2019
CIP105188;500;191105;18/10/2019
CIP111725;21719;191105;29/10/2019
CIP111486;00919;191105;29/10/2019
CIP111175;28419;191105;29/10/2019
CIP103611;11419;191105;29/10/2019
CIP103959;18015;191105;29/10/2019
CIP109252;26306;191105;29/10/2019
CIPA231;19819;191105;29/10/2019
CIP109585;19819;191105;29/10/2019
CIP111672;7419;191115;12/11/2019
CIP111763;28819;191115;12/11/2019
CIP111765;29119;191115;12/11/2019
CIP111764;28819;191115;12/11/2019
CIP111766;29119;191115;12/11/2019
CIP107417;19819;191115;12/11/2019
CIP111750;27419;191129;22/11/2019
CIP111751;27419;191129;22/11/2019
CIP111733;21719;191129;22/11/2019
CIP111737;23219;191129;22/11/2019
CIP111768;29119;191129;22/11/2019
CIP111769;29119;191129;22/11/2019
CIP111411;24817;191129;22/11/2019
CIP105535;19819;191203;26/11/2019
CIP105786;25319;191203;26/11/2019
CIP108671;11419;191203;26/11/2019
CIP103197;2414;191203;26/11/2019
CRBIP3-2344;15918;191203;26/11/2019
CIP108788;23219;191203;26/11/2019
CIP107376;15918;191203;26/11/2019
CIP111612;00919;191203;26/11/2019
CIP111249;29619;191203;26/11/2019
CIP103870;25319;191203;26/11/2019
CIP107232;1071;191203;26/11/2019
CIP105471;0498;191203;26/11/2019
CIP102968;11419;191231;12/12/2019
CIP104102;23219;191231;12/12/2019
CIP63-1;29119;191231;12/12/2019
CIP111291;29619;191231;12/12/2019
CIP111705;28819;191231;12/12/2019
CIP107231;995;191231;12/12/2019
CIP107241;1021;191231;12/12/2019
CIP107238;1017;191231;12/12/2019
CIP107240;1020;191231;12/12/2019
CIP107242;1022;191231;12/12/2019
CIP107230;996;191231;12/12/2019
CIP107236;1011;191231;12/12/2019
CIP107237;1016;191231;12/12/2019
CIP111423;3918;200107;12/12/2019
CIP111424;3918;200107;12/12/2019
CIP111425;3918;200107;12/12/2019
CIP111426;3918;200107;12/12/2019
CIP111427;3918;200107;12/12/2019
CIP111430;3918;200107;12/12/2019
CIP111433;6418;200107;12/12/2019
CIP111438;35418 Lot 15718;200107;12/12/2019
CIP111439;35418 Lot 15718;200107;12/12/2019
CIP111442;35518 Lot 15718;200107;12/12/2019
CIP111443;35518 Lot 15718;200107;12/12/2019
CIP111816;;191231;27/12/2019
CIP111826;;191231;27/12/2019
CIP111408;24817;200124;21/01/2020
CIP111802;32419;200124;21/01/2020
CIP111799;32419;200124;21/01/2020
CIP111798;35119;200124;21/01/2020
CIP111702;28819;200124;21/01/2020
CIP111803;32419;200124;21/01/2020
CIP107453;1080;200204;24/01/2020
CIP110674;24814;200204;24/01/2020
CIP110675;24814;200204;24/01/2020
CIP110676;24814;200204;24/01/2020
CIP110682;26014;200204;24/01/2020
CIP108086;5804;200204;24/01/2020
CIP107873;14203;200204;24/01/2020
CIP111834;R551;200204;24/01/2020
CIP53-89;ehi;200204;24/01/2020
CIP107249;1037;200204;24/01/2020
CIP53-106;aHf;200204;24/01/2020
CIP103502;33818;200131;24/01/2020
CIP106979;27419;200204;24/01/2020
CIP111275;33219;200204;24/01/2020
CIP111301;34319;200204;24/01/2020
CIP111727;21719;200204;31/01/2020
CIP111812;AvtProd;200204;31/01/2020
CIP111824;AvtProd;200204;31/01/2020
CIP111823;AvtProd;200204;31/01/2020
CIP111795;34419;200204;31/01/2020
CIP111796;31219;200204;31/01/2020
CIP111797;35119;200204;31/01/2020
CIP111770;29119;200207;04/02/2020
CIP103107;21819;200207;04/02/2020
CIP106859;34419;200214;07/02/2020
CIP111811;AvtProd;200214;07/02/2020
CIP111814;AvtProd;200214;07/02/2020
CIP111819;AvtProd;200214;07/02/2020
CIP111820;AvtProd;200214;07/02/2020
CIP111813;AvtProd;200214;07/02/2020
CIP111821;AvtProd;200214;07/02/2020
CIP111818;AvtProd;200214;07/02/2020
CIP111817;AvtProd;200214;07/02/2020
CIP109712;21819;200214;07/02/2020
CIP106158;21819;200214;07/02/2020
CIP105133;19819;200214;07/02/2020
CIP101776;23219;200214;07/02/2020
CIP106933;11419;200214;07/02/2020
CIP103851;0919;200214;07/02/2020
CIP109951;13719;200214;07/02/2020
CIP104941;431;200214;07/02/2020
CIP111791;34019;200214;07/02/2020
CIP111606;0919;200214;07/02/2020
CIP53-101;32111;200214;07/02/2020
CIP107253;1014;200214;07/02/2020
CIP107239;1019;200214;07/02/2020
CIP107235;1012;200214;07/02/2020
CIP108085;5504;200214;07/02/2020
CIP107251;1043;200214;07/02/2020
CIP111339;35218;200302;19/02/2020
CIP111340;01719;200302;19/02/2020
CIP111341;01719;200302;19/02/2020
CIP111342;01719;200302;19/02/2020
CIP111343;01719;200302;19/02/2020
CIP111344;01719;200302;19/02/2020
CIP111352;10619;200302;19/02/2020
CIP111353;10619;200302;19/02/2020
CIP111354;10619;200302;19/02/2020
CIP111355;19319;200302;19/02/2020
CIP111356;10819;200302;19/02/2020
CIP111357;11319;200302;19/02/2020
CIP111358;11319;200302;19/02/2020
CIP111359;11319;200302;19/02/2020
CIP111360;11319;200302;19/02/2020
CIP111361;11519;200302;19/02/2020
CIP111365;10819;200302;19/02/2020
CIP111366;11519;200302;19/02/2020
CIP111367;11519;200302;19/02/2020
CIP111368;19319 12319;200302;19/02/2020
CIP111369;12319;200302;19/02/2020
CIP111370;12319;200302;19/02/2020
CIP111371;12719;200302;19/02/2020
CIP111372;12719;200302;19/02/2020
CIP111373;12719;200302;19/02/2020
CIP111374;13719;200302;19/02/2020
CIP111375;14419;200302;19/02/2020
CIP111376;14419;200302;19/02/2020
CIP111377;15819;200302;19/02/2020
CIP111378;19319;200302;19/02/2020
CIP111379;19319;200302;19/02/2020
CIP111380;20719;200302;19/02/2020
CIP111381;19319;200302;19/02/2020
CIP111382;12319;200302;19/02/2020
CIP111383;13719;200302;19/02/2020
CIP111384;12719;200302;19/02/2020
CIP111385;13719;200302;19/02/2020
CIP111386;13719;200302;19/02/2020
CIP111387;14419;200302;19/02/2020
CIP111389;11619 11519;200302;19/02/2020
CIP111390;14419;200302;19/02/2020
CIP111392;20019;200302;19/02/2020
CIP111393;20019;200302;19/02/2020
CIP111394;20019;200302;19/02/2020
CIP111396;20719;200302;19/02/2020
CIP111397;20719;200302;19/02/2020
CIP111398;21419;200302;19/02/2020
CIP111399;20719;200302;19/02/2020
CIP111415;32717;200302;19/02/2020
CIP111417;32717;200302;19/02/2020
CIP111419;34817;200302;19/02/2020
CIP111420;34817;200302;19/02/2020
CIP111421;34817;200302;19/02/2020
CIP111422;34817;200302;19/02/2020
CIP111428;3918;200302;19/02/2020
CIP111429;3918;200306;19/02/2020
CIP111431;6418;200306;19/02/2020
CIP111432;6418;200306;19/02/2020
CIP111435;6418;200306;19/02/2020
CIP111436;15718;200306;19/02/2020
CIP111437;15718;200306;19/02/2020
CIP111440;15718;200306;19/02/2020
CIP111441;15718;200306;19/02/2020
CIP57-53;23219;200228;25/02/20
CIP111844;3420;200228;25/02/20
CIP111847;3420;200228;25/02/20
CIP111848;3420;200228;25/02/20
CIP77-16;4820;200312;02/03/20
CIP103140;00919;200313;02/03/20
CIP111239;00919;200312;02/03/20
CIP103713;23219;200312;02/03/20
CIP109039;8806;200313;02/03/20
CIP109231;25606;200313;02/03/20
CIP107125;23219;200312;02/03/20
CIP104321;34419;200312;02/03/20
CIP110911;13315;200312;02/03/20
CIP111716;16519;200313;02/03/20
CIP111604;0919;200312;02/03/20
CIP111602;0919;200312;02/03/20
CIP109296;29806;200312;02/03/20
CIP111832;AvtProd;200323;13/03/20
CIP103782;065;200323;13/03/20
CIP62-18;30010;200323;13/03/20
CIP108162;27419;200323;13/03/20
CIP109230;0919;200323;13/03/20
CIP103040;ehi;200323;13/03/20
CIP111794;34419;200520;14/05/20
CIP107254;1015;200520;14/05/20
CIP102446;29119;200520;14/05/20
CIP107248;1138;200520;14/05/20
CIP106472;790;200520;14/05/20
CIP107489;16506;200520;14/05/20
CIP53-100;95;200520;14/05/20
CIP53-86;jib;200520;14/05/20
CIP111854;3420;200618;12/06/2020
CIP111855;3420;200618;12/06/2020
CIP111822;AvtProd;200626;12/06/2020
CIP111824;AvtProd;200626;12/06/2020
CIP53-98;ehi;200626;12/06/2020
CIP106808;882;200626;12/06/2020
CIP109399;35506;200626;12/06/2020
CIP111631;8519;200722;09/07/2020
CIP111740;25319;200722;09/07/2020
CIP111741;25319;200722;09/07/2020
CIP111742;25319;200722;09/07/2020
CIP107058;34419;200722;09/07/2020
CIPA173;25810;200722;09/07/2020
CIP108728;33119;200722;09/07/2020
CIP111856;3420;200729;21/07/2020
CIP111857;3420;200729;21/07/2020
CIP111872;16420;200729;21/07/2020
CIPA174;ehi;200729;21/07/2020
CIPA170;6210;200729;21/07/2020
CIP111830;AvtProd;200728;21/07/2020
CIP110371;4817;200728;21/07/2020
CIP59-18;35808;200807;30/07/2020
CIP106319;11419;200807;30/07/2020
CIP52-90;13311;200807;30/07/2020
CIP110067;33119;200807;30/07/2020
CIP59-42;18512;200807;30/07/2020
CIP110276;25319;200807;30/07/2020
CIP57-29;-;200807;30/07/2020
CIP67-23;2709;200807;30/07/2020
CIP74-30T;11016;200807;30/07/2020
CIP57-49;12907;200807;30/07/2020
CIP111860;6520;200807;30/07/2020
CIP111861;6520;200807;30/07/2020
CIP105837;3420;200817;11/08/2020
CIP107252;3420;200817;11/08/2020
CIP67-55;25311;200817;11/08/2020
CIP102201;20309;200817;11/08/2020
CIP60-81;cHf;200817;11/08/2020
CIP109302;31206;200817;11/08/2020
CIP111065;16420;200817;11/08/2020
CIP78-3;13414;200817;11/08/2020
CIP105534;613;200904;31/08/2020
CIP111885;21720;200904;31/08/2020
CIP111883;21720;200904;31/08/2020
CIP111880;21720;200904;31/08/2020
CIP111881;21718;200904;31/08/2020
CIP111876;21720;200904;31/08/2020
CIP111884;21720;200904;31/08/2020
CIP111882;21720;200904;31/08/2020
CIP111875;21720;200904;31/08/2020
CIP111877;21720;200904;01/09/2020
CIP51-17;18110;200904;01/09/2020
CIP104516;34419;200904;01/09/2020
CIPA175;ehi;200904;01/09/2020
CIP111863;6520;200904;01/09/2020
CIP111862;6520;200904;01/09/2020
CIP111864;6520;200904;01/09/2020
CIP111879;21720;200925;22/09/2020
CIP111878;21720;200925;22/09/2020
CIP104971;423 Bon lot 19720;200925;22/09/2020
CIP103284;21819;200925;22/09/2020
CIP111869;13520;200925;22/09/2020
CIP111870;13520;200925;22/09/2020
CIP111871;13520;200925;22/09/2020
CIP104363;250;201002;29/09/2020
CIP111445;34719;201002;29/09/2020
CIP111447;34719;201002;29/09/2020
CIP111498;00320;201002;29/09/2020
CIP104051;532;201002;29/09/2020
CIP106171;3420;201002;29/09/2020
CIP81-42;14820;201002;29/09/2020
CIP60-60;5709;201002;29/09/2020
CIP109150;3420;201002;29/09/2020
CIP111801;6520;201002;29/09/2020
CIP107250;1038;201002;29/09/2020
CIP53-91;4203;201002;29/09/2020
CIPA176;3206;201002;29/09/2020
CIPA177;1hg Bon lot lhg;201002;29/09/2020
CIP105661;650;201002;29/09/2020
CIP60-34;34606;201103;14/10/2020
CIP60-53;3614;201103;14/10/2020
CIP53-45;7913;201103;14/10/2020
CIPA105;35009;201103;14/10/2020
CIP103337T;19720;201103;14/10/2020
CIP111865;6520;201103;14/10/2020
CIP111841;3420;201103;14/10/2020
CIP111840;3420;201103;14/10/2020
CIP111851;3420;201103;14/10/2020
CIP111839;26220;201103;14/10/2020
CIP60-86T;13613;201103;14/10/2020
CIP52-151;34419;201103;14/10/2020
CIPA151;29910;201103;14/10/2020
CIP104432T;13520;201103;14/10/2020
CIP106852T;13520;201103;14/10/2020
CIP103911;096;201103;14/10/2020
CIP111886T;25520;201020;14/10/2020
CIP111728T;7620;201020;14/10/2020
CIP111730T;7620;201020;14/10/2020
CIP111734T;7620;201020;14/10/2020
CRBIP25-2;17008;201022;14/10/2020
CRBIP25-3;17008;201022;14/10/2020
CRBIP25-4;17008;201022;14/10/2020
CRBIP25-6;17008;201022;14/10/2020
CIP110507;13520;201022;14/10/2020
CIP110508;13520;201022;14/10/2020
CIP110522;13520;201022;14/10/2020
CIP110528;13520;201022;14/10/2020
CIP106246;26220;201022;14/10/2020
CIP103823T;086;201022;14/10/2020
CIP104470;25520;201022;14/10/2020
CIP111890;28820;201125;09/11/2020
CIP73-5;fhk;201125;09/11/2020
CRBIP3-5397;26220 Brill;201126;09/11/2020
CRBIP3-3793;T34001;201126;09/11/2020
CRBIP3-5016;T28002;201126;09/11/2020
CRBIP3-2700;T37002;201126;09/11/2020
CRBIP3-4645;T38004;201126;09/11/2020
CRBIP3-1011;T11A001;201126;09/11/2020
CRBIP3-3779;T34002;201126;09/11/2020
CRBIP3-4679;T38003;201126;09/11/2020
CRBIP3-2180;T02001;201126;09/11/2020
CRBIP3-4674;T38005;201126;09/11/2020
CRBIP3-4680;T35006;201126;09/11/2020
CIP106289;0204;201120;16/11/2020
CIP103166;1102;201120;16/11/2020
CIP111892;28820;201120;16/11/2020
CIP111600;6420 16420;201120;16/11/2020
CIP111701;28819;201120;16/11/2020
CIP111866;6520;201125;16/11/2020
CIP111867;6520;201125;16/11/2020
CIP57-32;27110;201125;16/11/2020
CIP55-125;34606;201125;16/11/2020
CIP76-117;10813;201125;16/11/2020
CIP53-162;gib;201125;16/11/2020
CIP104117;994;201125;16/11/2020
CIP102484;27620;201125;16/11/2020
CIP107233;1008;201125;16/11/2020
CIP108084;5604;201125;16/11/2020
CIP111895;28820;201127;24/11/2020
CIP111894;28820;201127;24/11/2020
CIP111600;16420;201127;24/11/2020
CIP111656;3519;201127;24/11/2020
CIP56-3;27210;201203;24/11/2020
CIP56-30;30408;201203;24/11/2020
CIP55-42;17608;201203;24/11/2020
CIP56-8;24813;201203;24/11/2020
CIP58-58;18513;201203;24/11/2020
CIP111874;0399;201203;24/11/2020
CIP111852;3420;201203;24/11/2020
CIP111853;3420;201203;24/11/2020
CIP109791;21114;201203;24/11/2020
CRBIP17-59;17206;201203;24/11/2020
CIP4-83;11006;201203;24/11/2020
CIP4-83;180;201203;24/11/2020
CIP60-85;20-9-94;201203;24/11/2020
CIP60-85;-B;201203;24/11/2020
CIP64-29;34419;201203;24/11/2020
CIPA166;16420;201203;24/11/2020
CIPA232;26412;201211;01/12/2020
CIPA236;22508;201211;01/12/2020
CRBIP3-4682;T38008;201211;01/12/2020
CRBIP3-6121;T02010;201211;01/12/2020
CRBIP3-4626;T38011;201211;01/12/2020
CRBIP3-228;T02004;201211;01/12/2020
CRBIP3-4700;T38013;201211;01/12/2020
CRBIP3-2174;T02008;201211;01/12/2020
CRBIP3-2702;T34003;201211;01/12/2020
CRBIP3-2938;T02007;201211;01/12/2020
CRBIP3-4628;T38010;201211;01/12/2020
CRBIP3-4717;T38014;201211;01/12/2020
CRBIP3-4070;T11A005;201211;01/12/2020
CRBIP3-4697;T38012;201211;01/12/2020
CRBIP3-4644;T38007;201211;01/12/2020
CRBIP3-4681;T38009;201211;01/12/2020
CRBIP3-1922;T02009;201211;01/12/2020
CIP107428;1082;201211;01/12/2020
CIP108079;4804;201211;01/12/2020
CIP107732;3803;201211;01/12/2020
CIP111893T;28820;201218;11/12/2020
CIP111891T;28820;201218;11/12/2020
CRBIP17-139;18506;201218;11/12/2020
CRBIP19-328;10708;201218;11/12/2020
CIP67-1;11413;201218;11/12/2020
CIP54-73;31806;201218;11/12/2020
CIP54-90;9314;201218;11/12/2020
CIP111902T;31520;201230;18/12/2020
CIP111903T;31520;201230;18/12/2020
CIP111904T;31520;201230;18/12/2020
CIP111905T;31520;201230;18/12/2020
CIP52-36;14412;210108;18/12/2020
CIP52-55;2717;210108;18/12/2020
CIP53-124;20517;210108;18/12/2020
CIP108521;31020;210108;18/12/2020
CRBIP3-2703;T34004;210108;18/12/2020
CRBIP3-4650;T38002;210108;18/12/2020
CRBIP3-2705;T34006;210108;18/12/2020
CRBIP3-5223;T11A004;210108;18/12/2020
CRBIP3-2706;T34007;210108;18/12/2020
CIP104758;525;210108;18/12/2020
CIP106858;1053;210108;18/12/2020
CIP62-19;bhe;210226b;22/01/2021
CIP55-117;5108;210303;22/01/2021
CIP51-39;2711 27111;210226b;22/01/2021
CIP54-7;8017;210226b;22/01/2021
CIP51-38;lhd;210226b;22/01/2021
CIPA224;25706;210309;22/01/2021
CIP111899;29520;210226;19/02/2021
CIP111873;03221;210226;19/02/2021
CIP111906;33520;210226;19/02/2021
CIP110948;25520;210312;05/03/2021
CIP111911;05521;210311;05/03/2021
CIP105340;04921;210311;05/03/2021
CIP104115;24813;210312;09/03/2021
CIP104115;0794;210312;09/03/2021
CIP104115;8607;210312;09/03/2021
CIP80-28;31020;210312;09/03/2021
CIP56-38;32011;210312;09/03/2021
CIP81-53;26220;210312;09/03/2021
CIP105534;4518;210318;16/03/2021
CIP55-40;27620;210318;16/03/2021
CIP54-155;27620;210318;16/03/2021
CRBIP25-5;17008;210318;16/03/2021
CIP105142;457;210318;16/03/2021
CIP106538;31020;210318;16/03/2021
CIP101715;27620;210318;16/03/2021
CIP51-37;dhf;210331;22/03/2021
CIPA223;*;210331;22/03/2021
CIP102400;26220;210331;22/03/2021
CIP106007;13520;210331;22/03/2021
CIP111904;02021;210402;30/03/2021
111749;;210409;06/04/2021
CIP111900;06121;210415;13/04/2021
CIP111901;31520;210415;13/04/2021
CIP111909;04121;210415;13/04/2021
CIP109024;08121;210415;13/04/2021
CIP109532;15707;210415;13/04/2021
CIP109650;27607;210415;13/04/2021
CIP111800;26220;210415;13/04/2021
CIP111910;05421;210426;20/04/2021
CIP111908T;08321;210429;27/04/2021
CIP111887;29520;210429;27/04/2021
CIP111888;29520;210429;27/04/2021
CIP111889;29520;210430;27/04/2021
CIP111896;29520;210430;27/04/2021
CIP111897;29520;210430;27/04/2021
CIP111898;29520;210430;27/04/2021
CIP53-7;eHf;210430;27/04/2021
CIP53-16;3708;210430;27/04/2021
CIP104951;10311;210507b;04/05/21
CIP111226;07521;210507;04/05/2021
CIP111227;07521;210507;04/05/2021
CIP111228;07521;210507;04/05/2021
CIP111229;07521;210507;04/05/2021
CIP111159;07521;210507;04/05/2021
CIP111132;07521;210507;04/05/2021
CIP106125;746;210507;04/05/2021
CIP111169;07521;210507;04/05/2021
CIP110919;26415;210521;17/05/2021
CIP102919;16505;210521;17/05/2021
CIP108633;33520;210521;17/05/2021
CIP111918;09621;210521;17/05/2021
CIP105680;21020;210521;17/05/2021
CIP104970T;21020 CIP104969;210521;17/05/2021
CIP2-83;24206 15316;210601;26/05/2021
CIP58-66;242;210604;01/06/2021
CIP106120;29304;210604;01/06/2021
CIP111916;08321;210604;01/06/2021
CIP111917;08321;210604;01/06/2021
CIP111919;09721;210604;01/06/2021
CIP111920;11921;210604;01/06/2021
CIP111921;11921;210604;01/06/2021
CIP111922;11921;210604;01/06/2021
CIP110982T;4319 3519;210611;08/06/2021
CIP105469;35820;210611;08/06/2021
CIP105279T;540;210611;08/06/2021
CIP107164;31520;210611;08/06/2021
CIP103562;31020;210611;08/06/2021
CIP102575;35820;210611;08/06/2021
CIP59-12;35820;210611;08/06/2021
CIP67-65;35820;210611;08/06/2021
CIP111924;11921;210617;15/06/2021
CIP111925;11921;210617;15/06/2021
CIP111939;12621;210617;15/06/2021
CIP111940;14721;210617;15/06/2021
CRBIP3-1236;14121;210617;15/06/2021
CIP105601;15221;210617;15/06/2021
CIP103982;6806;210617;15/06/2021
CIP53-10;14710;210625;22/06/2021
CIP53-20;.;210625;22/06/2021
CIP53-24;ghf;210625;22/06/2021
CIP52-234;fhf;210625;22/06/2021
CIP53-6;eHf;210625;22/06/2021
CIP80-42;6508;210625;22/06/2021
CIP53-27;4408;210625;22/06/2021
CIP53-26;ghf;210625;22/06/2021
CIP106982;13921;210625;22/06/2021
CIP12-23;;210625;22/06/2021
CIP18-4;;210625;22/06/2021
CIP110568;3713;210625;22/06/2021
CIP104952;11921;210625;22/06/2021
CIP57-33;11921;210625;22/06/2021
CIP110419;11712;210625;22/06/2021
CIP110554;33912;210625;22/06/2021
CIP110524;29312;210625;22/06/2021
CIP110523;29312;210625;22/06/2021
CIP110533;29712;210625;22/06/2021
CIP107205;28118;210625;22/06/2021
CIP104084;07821;210625;22/06/2021
CIP110256;20520;210625;22/06/2021
CIP107932;16006;210625;22/06/2021
CIP101065;eia;210625;22/06/2021
CIP100496;mhd;210625;22/06/2021
CIP110598;12213;210625;22/06/2021
CIP72-3;35820;210625;22/06/2021
CIP107825;35820;210625;22/06/2021
CIP106448;35820;210625;22/06/2021
CIP107390;35820;210625;22/06/2021
CIP105914;31020;210625;22/06/2021
CIP110242;20520;210625;22/06/2021
CIP110262;4011;210625;22/06/2021
CIP110593;33912;210625;22/06/2021
CIP110363;2612;210625;22/06/2021
CIP110361;2612;210625;22/06/2021
CIP110385;7912;210625;22/06/2021
CIP107309;13921;210625;22/06/2021
CIP59-22;01221;210625;22/06/2021
CIP110898;6315;210625;22/06/2021
CRBIP3-2697;T34009;210625;22/06/2021
CIP70-68;11921;210625;22/06/2021
CIP78-18;21605;210628;22/06/2021
CIP63-70;ehi;210628;22/06/2021
CIP106009;15421;210628;22/06/2021
CIP106020;15421;210628;22/06/2021
CIP106035;14121;210702;29/06/2021
CIP102753;13921;210702;29/06/2021
CIP81-86;430;210702;29/06/2021
CIP102770;13921;210702;29/06/2021
CIP111947;15821;210702;29/06/2021
CIP52-230;23011;210702;29/06/2021
CIP106911;1068;210702;29/06/2021
CIP111943;14721;210708b;06/07/2021
CIP111944;14721;210708b;06/07/2021
CIP111946;14721;210708b;06/07/2021
CIP111941;14721;210708b;06/07/2021
CIP111949;16121;210708b;06/07/2021
CIP111950;16121;210708b;06/07/2021
CIP111948;16121;210708b;06/07/2021
CIP111935;16121;210708b;06/07/2021
CRBIP3-2896;T67001;210708b;06/07/2021
CIPA266;28606;210708b;06/07/2021
CIPA247;26906;210708b;06/07/2021
CRBIP3-2704;T34005;210719;12/07/2021
CRBIP3-5398;T11A003;210719;12/07/2021
CRBIP3-2696;T34010;210719;12/07/2021
CRBIP3-2707;T34008;210719;12/07/2021
CIP111945;14721;210719;12/07/2021
CIP105180;466;210719;12/07/2021
CIP105181;466;210719;12/07/2021
CIP75-18;21605;210719;12/07/2021
CIP71-6;chh;210722;20/07/2021
CIP110776;7314;210722;20/07/2021
CIP110779;7314;210722;20/07/2021
CIP110840;32914;210722;20/07/2021
CIP110891;2915;210722;20/07/2021
CIP111938;12621;210802b;27/07/2021
CIP110800;14114;210802b;27/07/2021
CIP105550;33520;210802b;27/07/2021
CIP60-91;33520;210802b;27/07/2021
CIP105452;13921;210802b;27/07/2021
CIP107086;13921;210802b;27/07/2021
CIP56-1;18621;210802b;27/07/2021
CIP105029;13921;210802b;27/07/2021
CIP103995;01221;210802b;27/07/2021
CIP111927;15121;210802b;27/07/2021
CIP111928;15121;210802b;27/07/2021
CIP111930;15521;210802b;27/07/2021
CIP111926;18021;210906;03/08/2021
CIP111942;14721;210906;03/08/2021
CIP60-88;33520;210909;03/08/2021
CIP52-119;33520;210909;03/08/2021
CIP55-2;36420;210909;03/08/2021
CIP58-56;36420;210909;03/08/2021
CIP101838;709;210909;03/08/2021
CIP102766;20309;210909;03/08/2021
CIP102494;25508;210909;03/08/2021
CIP103983;3206;210909b;03/08/2021
CIP54-123;dhf;210909b;03/08/2021
CIP103984;0799;210909b;03/08/2021
CIP55-55;2208;210909b;03/08/2021
CIP55-58;3108;210909b;03/08/2021
CIP106686;21121;210906;31/08/2021
CIP111954;19321;210906;31/08/2021
CIP60-44;18721;210906;31/08/2021
CIP60-71;fhg;210917;14/09/2021
CIP105877;23506;210917;14/09/2021
CIP106376;780;210917;14/09/2021
CIP111951;21621;210917;14/09/2021
CRBIP3-3048;T28001;210917;14/09/2021
CIP111979;20421;210917;14/09/2021
CRBIP3-4717;T38014;210917;14/09/2021
CIP111980;23721;210917;14/09/2021
CIP103409;21815;211006;14/09/2021
CIP106515;1111;211006;14/09/2021
CIP106156;17708;211006;14/09/2021
CIP100655;cHe;211006;14/09/2021
CIP102481;33411;211006;14/09/2021
CIP111166;21121;211006;14/09/2021
CIP102428;7015;211006;14/09/2021
CIP111929;15121;211006;14/09/2021
CRBIP28-46;11010;211006;14/09/2021
CIP103684;13821;211006;14/09/2021
CIP103242;19421;211006;14/09/2021
CIP76-20;fib;211007;14/09/2021
CRBIP13-36;20021;211007;14/09/2021
CIP55-143;11921;211007;14/09/2021
CIP111932;15521;211011;05/10/2021
CIP78-24;ehf;211011;05/10/2021
CIP105859;23521;211011;05/10/2021
CIP104856;15221;211011;05/10/2021
CIP104880;419;211011;05/10/2021
CIP104342;31520;211011;05/10/2021
CIP104103;276;211015;12/10/2021
CIP100631;kia;211015;12/10/2021
CIP102541;11921;211015;12/10/2021
CIP54-81;35820;211015;12/10/2021
CIP108585;11921;211015;12/10/2021
CIP105622;23521;211015;12/10/2021
CIP106146;36420;211015;12/10/2021
CIP63-42;17311;211015;12/10/2021
CIP78-25;ehf;211025;19/10/2021
CIP111933;15521;211025;19/10/2021
CIP111937;15521;211025;19/10/2021
CIP106788;26220;;19/10/2021
CIP105568;607;211025;19/10/2021
CIP106516;798;211127;28/10/2021
CIP105178;537;211127;28/10/2021
CIP104612;348;211127;28/10/2021
CIP111931;15521;211127;28/10/2021
CIP111934;15521;211127;28/10/2021
CIP111936;15521;211127;28/10/2021
CIP52-199;hHf;211127;28/10/2021
CIP52-200;hHf;211127;28/10/2021
CIP12-23;;211126;22/11/2021
CIP14-8;;211126;22/11/2021
CIP15-4;;211126;22/11/2021
CIP15-5;;211206;22/11/2021
CIP62-20;5808;211129;22/11/2021
CIP56-14;chh;211129;22/11/2021
CIP81-87;che;211129;22/11/2021
CIP78-18;21605;211129;22/11/2021
CIP112022;32021;220111;03/12/2021
CIP112018;28621;220111;03/12/2021
CIP112005;27921;220111;03/12/2021
CIP112008;28021;220111;03/12/2021
CIP111992;28021;220111;03/12/2021
CIP111991;28021;220111;03/12/2021
CIP112001;28021;220111;03/12/2021
CIP112007;27921;220111;03/12/2021
CIP111981;28421;220111;03/12/2021
CIP111982;24921;220111;03/12/2021
CIP111983;28521;220111;03/12/2021
CIP111986;;220111;03/12/2021
CIP54-150;28421;220111;03/12/2021
CIP103317;27620;220111;03/12/2021
CIPA235;36420;220111;03/12/2021
CIP110901;6315;220118;07/12/2021
CIP15-6;;220113;07/12/2021
CIP103022;20321;220113;07/12/2021
CIP111504;01020;220113;07/12/2021
CIP111451;00320;220113;07/12/2021
CIP111446;34719;220113;07/12/2021
CIP104744;19421;220113;07/12/2021
CIP109339;10521;220113;07/12/2021
CIP110693;8695;220113;07/12/2021
CIP51-47;30406;220113;07/12/2021
CIP51-10;6006;220113;07/12/2021
CIP56-13;chh;220113;07/12/2021
CIP60-61;*;220113;07/12/2021
CIP106525;17808;220113;07/12/2021
CIP106527;25721;220113;07/12/2021
CIP112027;33721;220124;17/01/2022
CIP112033;33721;220124;17/01/2022
CIP112025;33721;220124;17/01/2022
CIP112026;36121;220124;17/01/2022
CIP112021;32021;220124;17/01/2022
CIP111984;33021;220124;17/01/2022
CIP103761;15808;220124;17/01/2022
CIP112029;36121;220124;17/01/2022
CIP104206;32321;220124;17/01/2022
CIP110294;8111;220124;17/01/2022
CIP103985;281;220124;17/01/2022
CIP51-43;dhf;220124;17/01/2022
CIP52-131;chh;220124;17/01/2022
CIP112020;30621;220124;17/01/2022
CIP20-2;;220131;27/01/2022
CIP21-1;;220131;27/01/2022
CIP112034;34221;220131;27/01/2022
CIP111955;34921;220131;27/01/2022
CIP112024;36121;220131;27/01/2022
CIP54-157;5610;220214;01/02/2022
CIP54-124;chg ;220214;01/02/2022
CIP51-7;040;220214;01/02/2022
CIP52-173;lhe;220214;01/02/2022
CIP52-175;33206;220214;01/02/2022
CIP53-125;ghh;220214;01/02/2022
CIPA172;1072;220214;01/02/2022
CIP53-4;ehf;220214;01/02/2022
CIP54-119;chg;220215;01/02/2022
CIP54-122;bhg;220215;01/02/2022
CIP54-125;4810;220215;01/02/2022
CIP54-156;28907;220215;01/02/2022
CIP81-88;che;220215;01/02/2022
CIP79-43;8911;220215;01/02/2022
CIP51-36;ghe;220215;01/02/2022
CIP70-59;ahk;220215;01/02/2022
CIP74-28;9308;220215;01/02/2022
CIPA248;27006;220215;01/02/2022
CIP51-9;29006;220215;01/02/2022
CIP20-1;;220211;08/02/2022
CIP22-5;;220211;08/02/2022
CIP20-4;;220211;08/02/2022
CIP23-1;;220211;08/02/2022
CIP7-16;;220211;08/02/2022
CIP112032;36121;220211;08/02/2022
CIP112030;36121;220211;08/02/2022
CIP112023;01922;220211;08/02/2022
CIP111809;6620;220217;08/02/2022
CIP105245;489;220217;08/02/2022
CIP105240;490;220217;08/02/2022
CIP105243;491;220217;08/02/2022
CIP104673;359;220217;08/02/2022
CIP105282;508;220217;08/02/2022
CIP105241;490;220217;08/02/2022
CIP19-214;33707;220217;08/02/2022
CIP19-327;;220217;08/02/2022
CIP19-323;10008;220217;08/02/2022
CIP100297;26621;220217;08/02/2022
CIP106464;25321;220217;08/02/2022
CIP106526;25721;220217;08/02/2022
CIP60-19;6909;220218;08/02/2022
CIP109404;34321;220218;08/02/2022
CIP107878;34321;220218;08/02/2022
CIP102531;0204;220218;08/02/2022
CIP109134;17610;220218;08/02/2022
CIP111993;32821;220218;15/02/2022
CIP111994;32821;220218;15/02/2022
CIP111995;33321;220218;15/02/2022
CIP111996;28021;220218;15/02/2022
CIP111997;28021;220218;15/02/2022
CIP111998;28021;220218;15/02/2022
CIP111999;28021;220218;15/02/2022
CIP112035T;02822;220224;17/02/2022
CIP104471;02822;220224;17/02/2022
CIP19-326;10708;220224;17/02/2022
CIP19-213;33707;220224;17/02/2022
CIP78-23;fhf;220224;17/02/2022
CIP103362;20910;220224;17/02/2022
CIP105244;602;220224;17/02/2022
CIP54-118;30104;220224;17/02/2022
CIP54-121;bhg;220224;17/02/2022
CIP54-120;ihd;220224;17/02/2022
CIP60-72;bhg;220224;17/02/2022
CIP111582;34719;220224;17/02/2022
CIP111498;00320;220224;17/02/2022
CIP111509;05220;220224;17/02/2022
CIP111510;05220;220224;17/02/2022
CIP111462;05220;220224;17/02/2022
CIP111505;01020;220224;17/02/2022
CIP111501;35419;220224;17/02/2022
CIP111583;35419;220224;17/02/2022
CIP111452;00320;220224;17/02/2022
CIP111584;35419;220224;17/02/2022
CIP111503;35419;220224;17/02/2022
CIP111585;00320;220224;17/02/2022
CIP112028T;36121;220302;23/02/2022
CIP112000;28021;220302;23/02/2022
CIP112002;28021;220302;23/02/2022
CIP112003;28021;220302;23/02/2022
CIP112006;28021;220302;23/02/2022
CIP112010;28021;220302;23/02/2022
CIP19-213;33707;220303;24/02/2022
CIP109186T;15806;220303;24/02/2022
CIP108755T;17305;220303;24/02/2022
CIP108943T;36105;220303;24/02/2022
CIP105249;489;220303;24/02/2022
CIP75-17;30412;220303;24/02/2022
CIP105660;03822;220303;24/02/2022
CIP105228;502;220303;24/02/2022
CIP105212;503;220303;24/02/2022
CIP105213;503;220303;24/02/2022
CIP81-85;gib;220303;24/02/2022
CIP78-17;5908;220303;24/02/2022
CIP105214;503;220303;24/02/2022
CIP104685;361;220303;24/02/2022
CIPA246;26206;220303;24/02/2022
CIP105248;489;220303;24/02/2022
CIP111449;35419;220303;24/02/2022
CIP111506;01020;220303;24/02/2022
CIP111507;01020;220303;24/02/2022
CIP111453;01020;220303;24/02/2022
CIP111500;05220;220303;24/02/2022
CIP111508;05220;220303;24/02/2022
CIP111502;00320;220303;24/02/2022
CIP112031;36121;220308;03/03/2022
CIP112033;03222 04122;220308;03/03/2022
CIP105050;35121;220308;03/03/2022
CIP112011;28021;220308;03/03/2022
CIP112012;28021;220308;03/03/2022
CIP112013;28021;220308;03/03/2022
CIP112014;28021;220308;03/03/2022
CIP112015;28021;220308;03/03/2022
CIP103550;628;220314;03/03/2022
CIP68-1;mhf;220317;03/03/2022
CRBIP3-2612;36420;220317;03/03/2022
CIP108732;15805;220317;03/03/2022
CIP52-214;ehf;220317;03/03/2022
CIP109306;31906;220317;03/03/2022
CIP109182;16606;220317;03/03/2022
CIP111757;28421;220317;03/03/2022
CIP109836;27121;220317;03/03/2022
CIP103137;24621;220317;03/03/2022
CIP108881;28505;220317;03/03/2022
CIP109192;16606;220317;03/03/2022
CIP105230;491;220317;03/03/2022
CIP75-14;21203;220317;03/03/2022
CIP105186;467;220317;03/03/2022
CIP105242;3411;220317;03/03/2022
CIP105239;602;220317;03/03/2022
CIP105246;489;220317;03/03/2022
CIP105232;491                                                                                                                                                                                                                                                                                                                                                                                                                                                                                                                                          ;220317;03/03/2022
CIP105215;503;220317;03/03/2022
CIP105184;466;220317;03/03/2022
CIP105247;489;220317;03/03/2022
CIP105216;503;220317;03/03/2022
CIP105231;491;220317;03/03/2022
CIP106942;0201;220323;15/03/2022
CIP106952;35703;220323;15/03/2022
CIP106904;0101;220323;15/03/2022
CIP106953;36503;220323;15/03/2022
CIP106892;0101;220323;15/03/2022
CIP106940;0201;220323;15/03/2022
CIP106944;0201;220323;15/03/2022
CIP106937;0201;220323;15/03/2022
CIP52-16;11419;220323;15/03/2022
CIP57-58;289;220323;15/03/2022
CIP52-183;11409;220323;15/03/2022
CIP59-47;23507;220323;15/03/2022
CIP78-26;15613;220323;15/03/2022
CIP81-41;14004;220323;15/03/2022
CIPA22;12511;220323;15/03/2022
CIP72-11;.;220323;15/03/2022
CIP81-3;7813;220323;15/03/2022
CIP55-1;30010;220323;15/03/2022
CIP111995;33321;220323;15/03/2022
CIP106163;03822;220331;25/03/2022
CIP105634;03822;220331;25/03/2022
CIP105075;03922;220331;25/03/2022
CIP69-2;33415;220331;25/03/2022
CIP106581;03922;220331;25/03/2022
CIP52-116;36420;220331;25/03/2022
CIP107776;36420;220331;25/03/2022
CIP105049;03222;220331;25/03/2022
CIP103349;03922;220331;25/03/2022
CIP112036;03422;220331;25/03/2022
CIP53-103;03922;220401;25/03/2022
CIP105956;24921;220401;25/03/2022
CIP106941;0201;220401;25/03/2022
CIP106939;0201;220401;25/03/2022
CIP106888;0101;220401;25/03/2022
CIP101002;7505;220401;25/03/2022
CIP100923;6905;220401;25/03/2022
CIP101171;7605;220401;25/03/2022
CIP101038;7405;220401;25/03/2022
CIP102026;chk;220401;25/03/2022
CIP67-17;06722;220401;25/03/2022
CIP58-10;kia;220401;25/03/2022
CIP108942;34205;220408;01/04/2022
CIP110893;4415;220408;01/04/2022
CIP101714;27121;220408;01/04/2022
CIP110085;6810;220408;01/04/2022
CIP110900;6315;220408;01/04/2022
CIP110832;25514;220412;01/04/2022
CIP106891;0101;220408;01/04/2022
CIP106890;0101;220408;01/04/2022
CIP107283;07022;220408;01/04/2022
CIP107310;04722;220408;01/04/2022
CIP105871;07022;220408;01/04/2022
CIP111272;07022;220408;01/04/2022
CIP101921;8305;220408;01/04/2022
CRBIP13-41;03822;220408;01/04/2022
CIP105804;07022;220408;01/04/2022
CIP105972;05222;220412;01/04/2022
CIP110692;30621;220420;11/04/2022
CIP106651;04722;220420;11/04/2022
CIP106653;04722;220420;11/04/2022
CIP103493;27121;220420;11/04/2022
CIP106902;32903;220420;11/04/2022
CIP106889;0101;220420;11/04/2022
CIP106894;0101;220420;11/04/2022
CIP106157;24921;220420;11/04/2022
CIP103737;08322;220503;28/04/2022
CIP112039;08922;220503;28/04/2022
CIP104432;13520;;06/05/2022
CIP105083;10122;220520;06/05/2022
CIP53-145;33818;220520;06/05/2022
CIP104444;21815;220520;06/05/2022
CIP111994;32821;220520;06/05/2022
CIP112009;10222;220520;06/05/2022
CIP112004;10222;220523;06/05/2022
CIP103311;07022;220520;06/05/2022
CIP57-51;.;220523;06/05/2022
CIP106648;35520;220523;06/05/2022
CRBIP13-110;08722;220523;06/05/2022
CIP112019;30621;220523;06/05/2022
CIP105606;05421;220523;06/05/2022
CIP112016;10222;220602;19/05/2022
CIP112017;10222;220602;19/05/2022
CIP76-25;17613;220602;19/05/2022
CRBIP13-109;08122;220602;19/05/2022
CRBIP13-83;08122;220602;19/05/2022
CIP52-174;lhe;220602;19/05/2022
CIP54-117;35317;220602;19/05/2022
CIP106903;28703;220602;19/05/2022
CIP108966;34805;220602;19/05/2022
CIP110920T;26415;220602;19/05/2022
CIP103967T;22121;220602;19/05/2022
CIP108947;34903;220602;19/05/2022
CIP106608;03822;220602;19/05/2022
CIP112043;11822;220602;19/05/2022
CIP112041;11522;220602;19/05/2022
CIP103670;014;220602;19/05/2022
CIP103672;014;220602;19/05/2022
CIP103671;014;220602;19/05/2022
CIP103673;014;220602;19/05/2022
CIP74-04;lgh;220602;19/05/2022
CIP105785;014;220602;19/05/2022
CIP109740;31907;220602;19/05/2022
CIP104432;13520;220602;19/05/2022
CIP105338;597;220609;02/06/2022
CIP104258;1194;220609;02/06/2022
CIP68-20;3907;220609;02/06/2022
CIP101181;185;220609;02/06/2022
CIP106454T;2506;220609;02/06/2022
CRBIP17-140;18606;;02/06/2022